"SUID","AverageShortestPathLength","BetweennessCentrality","ClosenessCentrality","ClusteringCoefficient","Eccentricity","EdgeCount","Indegree","IsSingleNode","name","NeighborhoodConnectivity","Outdegree","PartnerOfMultiEdgedNodePairs","selected","SelfLoops","shared name","Stress"
"247793","1.0","0.0","1.0","0.0","1","1","0","false","KIR2DL4","37.0","1","0","false","0","KIR2DL4","0"
"247791","1.0","0.0","1.0","0.0","1","1","0","false","KIR2DL3","37.0","1","0","false","0","KIR2DL3","0"
"249846","0.0","0.0","0.0","0.01388889","0","9","9","false","HLADMA","26.666666666666668","0","0","false","0","HLADMA","0"
"247797","1.0","0.0","1.0","0.0","1","1","0","false","HLAA","37.0","1","0","false","0","HLAA","0"
"247795","1.0","0.0","1.0","0.0","1","1","0","false","KIR2DL5A","37.0","1","0","false","0","KIR2DL5A","0"
"249850","0.0","0.0","0.0","0.01388889","0","9","9","false","HLADOA","26.666666666666668","0","0","false","0","HLADOA","0"
"247801","1.0","0.0","1.0","0.0","1","1","0","false","HLAC","37.0","1","0","false","0","HLAC","0"
"249848","0.0","0.0","0.0","0.01388889","0","9","9","false","HLADMB","26.666666666666668","0","0","false","0","HLADMB","0"
"247799","1.0","0.0","1.0","0.0","1","1","0","false","HLAB","37.0","1","0","false","0","HLAB","0"
"249854","0.0","0.0","0.0","0.01388889","0","9","9","false","HLADPA1","26.666666666666668","0","0","false","0","HLADPA1","0"
"247805","1.0","0.0","1.0","0.0","1","1","0","false","HLAF","37.0","1","0","false","0","HLAF","0"
"249852","0.0","0.0","0.0","0.01388889","0","9","9","false","HLADOB","26.666666666666668","0","0","false","0","HLADOB","0"
"247803","1.0","0.0","1.0","0.0","1","1","0","false","HLAE","37.0","1","0","false","0","HLAE","0"
"249858","0.0","0.0","0.0","0.01388889","0","9","9","false","HLADQA1","26.666666666666668","0","0","false","0","HLADQA1","0"
"247809","2.59800664","0.0","0.38491049","0.025","4","16","0","false","LEF1","29.125","16","0","false","0","LEF1","0"
"249856","0.0","0.0","0.0","0.01388889","0","9","9","false","HLADPB1","26.666666666666668","0","0","false","0","HLADPB1","0"
"247807","1.0","0.0","1.0","0.0","1","1","0","false","HLAG","37.0","1","0","false","0","HLAG","0"
"249862","0.0","0.0","0.0","0.01388889","0","9","9","false","HLADQB1","26.666666666666668","0","0","false","0","HLADQB1","0"
"247813","2.59800664","0.0","0.38491049","0.025","4","16","0","false","TCF7L2","29.125","16","0","false","0","TCF7L2","0"
"249860","0.0","0.0","0.0","0.01388889","0","9","9","false","HLADQA2","26.666666666666668","0","0","false","0","HLADQA2","0"
"247811","2.59800664","0.0","0.38491049","0.025","4","16","0","false","TCF7","29.125","16","0","false","0","TCF7","0"
"249866","0.0","0.0","0.0","0.01388889","0","9","9","false","HLADRB1","26.666666666666668","0","0","false","0","HLADRB1","0"
"249864","0.0","0.0","0.0","0.01388889","0","9","9","false","HLADRA","26.666666666666668","0","0","false","0","HLADRA","0"
"247815","2.59800664","0.0","0.38491049","0.025","4","16","0","false","TCF7L1","29.125","16","0","false","0","TCF7L1","0"
"249870","0.0","0.0","0.0","0.01388889","0","9","9","false","HLADRB4","26.666666666666668","0","0","false","0","HLADRB4","0"
"247821","2.04081633","1.1424E-4","0.49","0.02339181","3","19","12","false","FOSL1","18.42105263157895","7","0","false","0","FOSL1","224"
"249868","0.0","0.0","0.0","0.01388889","0","9","9","false","HLADRB3","26.666666666666668","0","0","false","0","HLADRB3","0"
"249872","0.0","0.0","0.0","0.01388889","0","9","9","false","HLADRB5","26.666666666666668","0","0","false","0","HLADRB5","0"
"247828","0.0","0.0","0.0","0.01609195","0","30","30","false","CCND3","29.933333333333334","0","0","false","0","CCND3","0"
"249879","1.0","0.0","1.0","0.0","1","3","0","false","TICAM1","10.666666666666666","3","0","false","0","TICAM1","0"
"249890","0.0","0.0","0.0","0.0","0","1","1","false","IDO1","15.0","0","0","false","0","IDO1","0"
"249888","0.0","0.0","0.0","0.0","0","1","1","false","IDO2","15.0","0","0","false","0","IDO2","0"
"249892","1.0","0.0","1.0","0.06666667","1","15","1","false","CIITA","13.666666666666666","14","0","false","0","CIITA","0"
"247843","0.0","0.0","0.0","0.2","0","5","5","false","MMP7","34.2","0","0","false","0","MMP7","0"
"247849","2.37815126","2.0571E-4","0.4204947","0.07272727","4","11","6","false","HES1","26.272727272727273","5","0","false","0","HES1","700"
"247848","2.63709677","0.0","0.37920489","0.05555556","5","10","0","false","RBPJL","18.4","10","0","false","0","RBPJL","0"
"247853","2.63709677","0.0","0.37920489","0.05555556","5","10","0","false","RBPJ","18.4","10","0","false","0","RBPJ","0"
"247851","2.37815126","2.0571E-4","0.4204947","0.07272727","4","11","6","false","HES5","26.272727272727273","5","0","false","0","HES5","700"
"247856","0.0","0.0","0.0","0.0","0","2","2","false","PTCRA","10.0","0","0","false","0","PTCRA","0"
"249907","0.0","0.0","0.0","0.0","0","1","1","false","IRGM","79.0","0","0","false","0","IRGM","0"
"247866","1.0","0.0","1.0","0.33333333","1","3","2","false","JAG1","40.666666666666664","1","0","false","0","JAG1","0"
"249913","0.0","0.0","0.0","0.33333333","0","3","3","false","BIRC7","94.66666666666667","0","0","false","0","BIRC7","0"
"247863","1.0","1.562E-5","1.0","0.02222222","1","10","8","false","EGR1","12.5","2","0","false","0","EGR1","17"
"249911","0.0","0.0","0.0","0.33333333","0","3","3","false","BIRC8","94.66666666666667","0","0","false","0","BIRC8","0"
"247869","0.0","0.0","0.0","0.0","0","1","1","false","SPP1","10.0","0","0","false","0","SPP1","0"
"249922","1.0","0.0","1.0","0.0","1","2","0","false","GNAI2","26.0","2","0","false","0","GNAI2","0"
"249919","1.0","0.0","1.0","0.0","1","2","0","false","GNAI1","26.0","2","0","false","0","GNAI1","0"
"249926","1.0","0.0","1.0","0.0","1","2","0","false","GNAO1","26.0","2","0","false","0","GNAO1","0"
"247877","1.89583333","0.0","0.52747253","0.0","2","5","0","false","PRKAG2","21.8","5","0","false","0","PRKAG2","0"
"249924","1.0","0.0","1.0","0.0","1","2","0","false","GNAI3","26.0","2","0","false","0","GNAI3","0"
"247881","1.89583333","0.0","0.52747253","0.0","2","5","0","false","PRKAA1","21.8","5","0","false","0","PRKAA1","0"
"247879","1.89583333","0.0","0.52747253","0.0","2","5","0","false","PRKAG3","21.8","5","0","false","0","PRKAG3","0"
"249933","1.0","0.0","1.0","0.0","1","15","0","false","RFX5","8.866666666666667","15","0","false","0","RFX5","0"
"247885","1.89583333","0.0","0.52747253","0.0","2","5","0","false","PRKAB1","21.8","5","0","false","0","PRKAB1","0"
"247883","1.89583333","0.0","0.52747253","0.0","2","5","0","false","PRKAA2","21.8","5","0","false","0","PRKAA2","0"
"247889","1.89583333","0.0","0.52747253","0.0","2","5","0","false","PRKAG1","21.8","5","0","false","0","PRKAG1","0"
"247887","1.89583333","0.0","0.52747253","0.0","2","5","0","false","PRKAB2","21.8","5","0","false","0","PRKAB2","0"
"247894","0.0","0.0","0.0","0.0","0","1","1","false","TFAM","33.0","0","0","false","0","TFAM","0"
"247892","0.0","0.0","0.0","0.0","0","1","1","false","NRF1","33.0","0","0","false","0","NRF1","0"
"247896","0.0","0.0","0.0","0.0","0","1","1","false","NOS1","47.0","0","0","false","0","NOS1","0"
"249950","1.0","0.0","1.0","0.0","1","15","0","false","RFXANK","8.866666666666667","15","0","false","0","RFXANK","0"
"247902","0.0","0.0","0.0","0.0","0","9","9","false","SPHK1","7.222222222222222","0","0","false","0","SPHK1","0"
"249948","1.0","0.0","1.0","0.0","1","15","0","false","RFXAP","8.866666666666667","15","0","false","0","RFXAP","0"
"247900","0.0","0.0","0.0","0.0","0","9","9","false","SPHK2","7.222222222222222","0","0","false","0","SPHK2","0"
"247906","0.0","0.0","0.0","0.0","0","2","2","false","ACTA2","15.0","0","0","false","0","ACTA2","0"
"247909","0.0","0.0","0.0","0.0","0","2","2","false","CDH1","15.0","0","0","false","0","CDH1","0"
"247912","0.0","0.0","0.0","0.0","0","9","9","false","CCN2","15.444444444444445","0","0","false","0","CCN2","0"
"247918","1.96875","1.644E-5","0.50793651","0.0","2","3","2","false","MEF2A","19.0","1","0","false","0","MEF2A","64"
"247916","1.96875","1.644E-5","0.50793651","0.0","2","3","2","false","MEF2B","19.0","1","0","false","0","MEF2B","64"
"247915","2.7027027","0.0","0.37","0.0","3","5","0","false","HDAC5","3.6","5","0","false","0","HDAC5","0"
"247922","1.96875","1.3242E-4","0.50793651","0.0","2","6","5","false","MEF2C","20.666666666666668","1","0","false","0","MEF2C","155"
"247920","1.96875","1.644E-5","0.50793651","0.0","2","3","2","false","BORCS8MEF2B","19.0","1","0","false","0","BORCS8MEF2B","64"
"247926","2.7027027","0.0","0.37","0.0","3","5","0","false","HDAC4","3.6","5","0","false","0","HDAC4","0"
"247924","1.96875","1.644E-5","0.50793651","0.0","2","3","2","false","MEF2D","19.0","1","0","false","0","MEF2D","64"
"249978","0.0","0.0","0.0","0.0","0","7","7","false","CD74","20.857142857142858","0","0","false","0","CD74","0"
"249982","1.0","0.0","1.0","0.0","1","15","0","false","NFYA","8.866666666666667","15","0","false","0","NFYA","0"
"249997","1.0","0.0","1.0","0.0","1","15","0","false","NFYB","8.866666666666667","15","0","false","0","NFYB","0"
"249999","1.0","0.0","1.0","0.0","1","15","0","false","NFYC","8.866666666666667","15","0","false","0","NFYC","0"
"247967","0.0","0.0","0.0","0.02287582","0","18","18","false","IFNB1","44.833333333333336","0","0","false","0","IFNB1","0"
"247977","2.0625","5.74E-6","0.48484848","0.14285714","3","8","2","false","FOSL2","26.125","6","0","false","0","FOSL2","32"
"247975","2.43859649","9.7977E-4","0.41007194","0.06521739","4","23","11","false","FOSB","35.04347826086956","12","0","false","0","FOSB","2313"
"247982","2.04081633","6.25E-6","0.49","0.11111111","3","9","2","false","JUND","25.666666666666668","7","0","false","0","JUND","34"
"247980","2.0625","5.74E-6","0.48484848","0.14285714","3","8","2","false","JUNB","26.125","6","0","false","0","JUNB","32"
"247992","0.0","0.0","0.0","0.20833333","0","9","9","false","CTSK","41.111111111111114","0","0","false","0","CTSK","0"
"250045","0.0","0.0","0.0","0.0","0","2","2","false","CEBPB","118.0","0","0","false","0","CEBPB","0"
"248000","0.0","0.0","0.0","0.20833333","0","9","9","false","ACP5","41.111111111111114","0","0","false","0","ACP5","0"
"250047","0.0","0.0","0.0","0.0","0","2","2","false","CEBPG","118.0","0","0","false","0","CEBPG","0"
"250054","0.0","0.0","0.0","0.0","0","11","11","false","IL23A","37.45454545454545","0","0","false","0","IL23A","0"
"250051","0.0","0.0","0.0","0.0","0","11","11","false","IL18","37.45454545454545","0","0","false","0","IL18","0"
"248008","0.0","0.0","0.0","0.20833333","0","9","9","false","CALCR","41.111111111111114","0","0","false","0","CALCR","0"
"248016","0.0","0.0","0.0","0.20833333","0","9","9","false","ITGB3","41.111111111111114","0","0","false","0","ITGB3","0"
"248046","2.27777778","0.0","0.43902439","0.004329","3","22","0","false","WWTR1","15.727272727272727","22","0","false","0","WWTR1","0"
"248044","2.27777778","0.0","0.43902439","0.004329","3","22","0","false","YAP1","15.727272727272727","22","0","false","0","YAP1","0"
"248049","1.76595745","0.0","0.56626506","0.01282051","3","13","0","false","TEAD1","23.307692307692307","13","0","false","0","TEAD1","0"
"248053","1.76595745","0.0","0.56626506","0.01282051","3","13","0","false","TEAD3","23.307692307692307","13","0","false","0","TEAD3","0"
"248051","1.76595745","0.0","0.56626506","0.01282051","3","13","0","false","TEAD4","23.307692307692307","13","0","false","0","TEAD4","0"
"248055","1.76595745","0.0","0.56626506","0.01282051","3","13","0","false","TEAD2","23.307692307692307","13","0","false","0","TEAD2","0"
"248059","0.0","0.0","0.0","0.0","0","6","6","false","GLI2","16.0","0","0","false","0","GLI2","0"
"248066","0.0","0.0","0.0","0.0","0","5","5","false","SMAD7","17.4","0","0","false","0","SMAD7","0"
"248078","1.0","0.0","1.0","0.0","1","5","0","false","SMAD1","4.2","5","0","false","0","SMAD1","0"
"248079","0.0","0.0","0.0","0.0","0","6","6","false","ID1","12.0","0","0","false","0","ID1","0"
"248084","0.0","0.0","0.0","0.0","0","6","6","false","ID2","12.0","0","0","false","0","ID2","0"
"248089","0.0","0.0","0.0","0.0","0","10","10","false","AXIN1","16.0","0","0","false","0","AXIN1","0"
"250142","0.0","0.0","0.0","0.0","0","3","3","false","OAS1","41.0","0","0","false","0","OAS1","0"
"250141","2.59459459","0.0","0.38541667","0.01470588","4","17","0","false","IRF9","5.705882352941177","17","0","false","0","IRF9","0"
"248091","0.0","0.0","0.0","0.0","0","10","10","false","AXIN2","16.0","0","0","false","0","AXIN2","0"
"250146","0.0","0.0","0.0","0.0","0","3","3","false","OAS3","41.0","0","0","false","0","OAS3","0"
"250144","0.0","0.0","0.0","0.0","0","3","3","false","OAS2","41.0","0","0","false","0","OAS2","0"
"250150","0.0","0.0","0.0","0.0","0","1","1","false","EIF2AK4","17.0","0","0","false","0","EIF2AK4","0"
"250148","0.0","0.0","0.0","0.0","0","1","1","false","EIF2AK1","17.0","0","0","false","0","EIF2AK1","0"
"250153","0.0","0.0","0.0","0.0","0","1","1","false","EIF2AK3","17.0","0","0","false","0","EIF2AK3","0"
"250157","0.0","0.0","0.0","0.0","0","1","1","false","IFIT1B","17.0","0","0","false","0","IFIT1B","0"
"250155","0.0","0.0","0.0","0.33333333","0","3","3","false","IFIT1","22.666666666666668","0","0","false","0","IFIT1","0"
"250161","0.0","0.0","0.0","0.0","0","1","1","false","MX1","17.0","0","0","false","0","MX1","0"
"248111","0.0","0.0","0.0","0.0","0","10","10","false","NKD1","16.0","0","0","false","0","NKD1","0"
"250163","0.0","0.0","0.0","0.0","0","1","1","false","RSAD2","17.0","0","0","false","0","RSAD2","0"
"250170","0.0","0.0","0.0","0.125","0","8","8","false","CDK6","55.875","0","0","false","0","CDK6","0"
"250168","0.0","0.0","0.0","0.33333333","0","3","3","false","CDK2","48.666666666666664","0","0","false","0","CDK2","0"
"250182","1.0","3.21E-6","1.0","0.0","1","7","6","false","EGR2","9.0","1","0","false","0","EGR2","6"
"250186","0.0","0.0","0.0","0.14285714","0","7","7","false","MMP9","80.57142857142857","0","0","false","0","MMP9","0"
"250184","1.0","0.0","1.0","0.0","1","1","0","false","EGR3","8.0","1","0","false","0","EGR3","0"
"248146","1.66666667","5.136E-5","0.6","0.01098901","2","14","13","false","SOX2","12.142857142857142","1","0","false","0","SOX2","40"
"250199","0.0","0.0","0.0","0.0","0","10","10","false","PCNA","30.1","0","0","false","0","PCNA","0"
"248157","0.0","0.0","0.0","0.0","0","10","10","false","SNAI2","16.0","0","0","false","0","SNAI2","0"
"250218","0.0","0.0","0.0","0.0","0","1","1","false","ADAR","17.0","0","0","false","0","ADAR","0"
"250215","1.0","0.0","1.0","0.0","1","2","0","false","PRKCQ","14.0","2","0","false","0","PRKCQ","0"
"250230","2.20634921","8.089E-5","0.45323741","0.16071429","3","8","1","false","PML","17.0","7","0","false","0","PML","65"
"250237","2.53723404","0.0","0.39412998","0.0","3","10","0","false","SPI1","13.5","10","0","false","0","SPI1","0"
"248188","0.0","0.0","0.0","0.0","0","2","2","false","AREG","22.0","0","0","false","0","AREG","0"
"250235","2.58791209","0.0","0.38641189","0.0","3","4","0","false","ETS2","31.5","4","0","false","0","ETS2","0"
"248194","0.0","0.0","0.0","0.0","0","2","2","false","ITGB2","22.0","0","0","false","0","ITGB2","0"
"248191","0.0","0.0","0.0","0.0","0","2","2","false","AFP","22.0","0","0","false","0","AFP","0"
"248197","0.0","0.0","0.0","0.0","0","2","2","false","FGF1","22.0","0","0","false","0","FGF1","0"
"248200","2.62202381","7.1835E-4","0.38138479","0.18888889","4","10","2","false","CTNNB1","50.1","8","0","false","0","CTNNB1","986"
"248213","2.25","5.14E-6","0.44444444","0.0","3","2","1","false","KLF4","39.5","1","0","false","0","KLF4","4"
"248218","1.0","0.0","1.0","0.0","1","5","0","false","SMAD5","4.2","5","0","false","0","SMAD5","0"
"248216","0.0","0.0","0.0","0.0","0","3","3","false","DUSP9","5.0","0","0","false","0","DUSP9","0"
"248222","0.0","0.0","0.0","0.0","0","3","3","false","ID3","5.0","0","0","false","0","ID3","0"
"248220","1.0","0.0","1.0","0.0","1","5","0","false","SMAD9","4.2","5","0","false","0","SMAD9","0"
"248224","0.0","0.0","0.0","0.0","0","3","3","false","ID4","5.0","0","0","false","0","ID4","0"
"250286","0.0","0.0","0.0","0.0","0","1","1","false","POLB","5.0","0","0","false","0","POLB","0"
"248236","1.33333333","3.98E-5","0.75","0.16666667","2","4","2","false","NANOG","4.75","2","0","false","0","NANOG","32"
"248235","2.0","0.0","0.5","0.0","3","1","0","false","TBX3","4.0","1","0","false","0","TBX3","0"
"248241","2.0","1.28E-6","0.5","0.5","3","2","1","false","POU5F1B","9.0","1","0","false","0","POU5F1B","2"
"250288","0.0","0.0","0.0","0.0","0","1","1","false","LCK","5.0","0","0","false","0","LCK","0"
"248239","2.0","1.28E-6","0.5","0.5","3","2","1","false","POU5F1","9.0","1","0","false","0","POU5F1","2"
"248246","0.0","0.0","0.0","0.0","0","1","1","false","ESRRB","5.0","0","0","false","0","ESRRB","0"
"250293","0.0","0.0","0.0","0.0","0","1","1","false","TERT","82.0","0","0","false","0","TERT","0"
"248245","1.0","0.0","1.0","0.0","1","5","0","false","TCF3","1.2","5","0","false","0","TCF3","0"
"250291","0.0","0.0","0.0","0.0","0","1","1","false","CDKN2C","5.0","0","0","false","0","CDKN2C","0"
"248250","1.19230769","5.264E-5","0.83870968","0.00905797","2","24","3","false","IRF7","12.333333333333334","21","0","false","0","IRF7","72"
"250296","0.0","0.0","0.0","0.06666667","0","6","6","false","IL15","60.5","0","0","false","0","IL15","0"
"248248","1.23076923","0.0","0.8125","0.0","2","10","0","false","IRF5","16.7","10","0","false","0","IRF5","0"
"250302","0.0","0.0","0.0","0.16666667","0","4","4","false","LTA","78.0","0","0","false","0","LTA","0"
"248253","0.0","0.0","0.0","0.0","0","7","7","false","IFNA2","65.28571428571429","0","0","false","0","IFNA2","0"
"250299","0.0","0.0","0.0","0.16666667","0","4","4","false","IL15RA","78.0","0","0","false","0","IL15RA","0"
"248251","0.0","0.0","0.0","0.0","0","7","7","false","IFNA1","65.28571428571429","0","0","false","0","IFNA1","0"
"248257","0.0","0.0","0.0","0.0","0","7","7","false","IFNA5","65.28571428571429","0","0","false","0","IFNA5","0"
"248255","0.0","0.0","0.0","0.0","0","7","7","false","IFNA4","65.28571428571429","0","0","false","0","IFNA4","0"
"248261","0.0","0.0","0.0","0.0","0","7","7","false","IFNA7","65.28571428571429","0","0","false","0","IFNA7","0"
"248259","0.0","0.0","0.0","0.0","0","7","7","false","IFNA6","65.28571428571429","0","0","false","0","IFNA6","0"
"248265","0.0","0.0","0.0","0.0","0","7","7","false","IFNA10","65.28571428571429","0","0","false","0","IFNA10","0"
"248263","0.0","0.0","0.0","0.0","0","7","7","false","IFNA8","65.28571428571429","0","0","false","0","IFNA8","0"
"248269","0.0","0.0","0.0","0.0","0","7","7","false","IFNA16","65.28571428571429","0","0","false","0","IFNA16","0"
"248267","0.0","0.0","0.0","0.0","0","7","7","false","IFNA14","65.28571428571429","0","0","false","0","IFNA14","0"
"248273","0.0","0.0","0.0","0.0","0","7","7","false","IFNA21","65.28571428571429","0","0","false","0","IFNA21","0"
"248271","0.0","0.0","0.0","0.0","0","7","7","false","IFNA17","65.28571428571429","0","0","false","0","IFNA17","0"
"248277","1.0","3.852E-5","1.0","0.17857143","1","8","6","false","CD40","62.25","2","0","false","0","CD40","66"
"248276","1.21212121","2.44E-5","0.825","0.002849","2","27","1","false","IRF3","7.555555555555555","26","0","false","0","IRF3","32"
"248281","0.0","0.0","0.0","0.0","0","1","1","false","CD86","27.0","0","0","false","0","CD86","0"
"248279","0.0","0.0","0.0","0.0","0","1","1","false","CD80","27.0","0","0","false","0","CD80","0"
"248286","0.0","0.0","0.0","0.0","0","2","2","false","CXCL11","53.0","0","0","false","0","CXCL11","0"
"250332","0.0","0.0","0.0","0.0","0","2","2","false","IFNA13","73.0","0","0","false","0","IFNA13","0"
"248284","0.0","0.0","0.0","0.07142857","0","8","8","false","CXCL10","55.625","0","0","false","0","CXCL10","0"
"248290","0.0","0.0","0.0","0.0","0","2","2","false","CXCL9","53.0","0","0","false","0","CXCL9","0"
"248294","0.0","0.0","0.0","0.02166667","0","25","25","false","IL12A","33.88","0","0","false","0","IL12A","0"
"248296","0.0","0.0","0.0","0.01851852","0","27","27","false","IL12B","31.59259259259259","0","0","false","0","IL12B","0"
"248301","0.0","0.0","0.0","0.08333333","0","4","4","false","CCL3L3","81.5","0","0","false","0","CCL3L3","0"
"248299","0.0","0.0","0.0","0.05357143","0","8","8","false","CCL5","61.375","0","0","false","0","CCL5","0"
"248305","0.0","0.0","0.0","0.08333333","0","4","4","false","CCL3L1","81.5","0","0","false","0","CCL3L1","0"
"248303","0.0","0.0","0.0","0.08333333","0","4","4","false","CCL3","81.5","0","0","false","0","CCL3","0"
"250356","0.0","0.0","0.0","0.13333333","0","6","6","false","PDGFB","87.16666666666667","0","0","false","0","PDGFB","0"
"250365","0.0","0.0","0.0","0.11111111","0","9","9","false","FGF2","70.88888888888889","0","0","false","0","FGF2","0"
"248354","0.0","0.0","0.0","0.0","0","4","4","false","IFNE","71.75","0","0","false","0","IFNE","0"
"248352","0.0","0.0","0.0","0.0","0","4","4","false","IFNW1","71.75","0","0","false","0","IFNW1","0"
"248356","0.0","0.0","0.0","0.0","0","4","4","false","IFNK","71.75","0","0","false","0","IFNK","0"
"250404","0.0","0.0","0.0","0.0","0","3","3","false","ISG15","41.0","0","0","false","0","ISG15","0"
"250408","0.0","0.0","0.0","0.0","0","2","2","false","CR2","10.0","0","0","false","0","CR2","0"
"250414","0.0","0.0","0.0","0.0","0","2","2","false","RUNX3","10.0","0","0","false","0","RUNX3","0"
"250411","0.0","0.0","0.0","0.0952381","0","7","7","false","FCER2","62.714285714285715","0","0","false","0","FCER2","0"
"250419","0.0","0.0","0.0","0.0","0","1","1","false","POLK","55.0","0","0","false","0","POLK","0"
"250425","0.0","0.0","0.0","0.2","0","5","5","false","ENTPD1","83.8","0","0","false","0","ENTPD1","0"
"250423","0.0","0.0","0.0","0.2","0","5","5","false","ENTPD8","83.8","0","0","false","0","ENTPD8","0"
"250427","0.0","0.0","0.0","0.2","0","5","5","false","ENTPD3","83.8","0","0","false","0","ENTPD3","0"
"250434","0.0","0.0","0.0","0.2","0","5","5","false","CD44","83.8","0","0","false","0","CD44","0"
"250437","0.0","0.0","0.0","0.2","0","5","5","false","ITGAL","83.8","0","0","false","0","ITGAL","0"
"250440","0.0","0.0","0.0","0.2","0","5","5","false","CD58","83.8","0","0","false","0","CD58","0"
"248396","0.0","0.0","0.0","0.0","0","7","7","false","CISH","43.714285714285715","0","0","false","0","CISH","0"
"250443","0.0","0.0","0.0","0.2","0","5","5","false","VIM","83.8","0","0","false","0","VIM","0"
"248431","0.0","0.0","0.0","0.0","0","7","7","false","AOX1","43.714285714285715","0","0","false","0","AOX1","0"
"250490","0.0","0.0","0.0","0.33333333","0","3","3","false","TRAF5","94.66666666666667","0","0","false","0","TRAF5","0"
"250488","0.0","0.0","0.0","0.33333333","0","3","3","false","TRAF3","94.66666666666667","0","0","false","0","TRAF3","0"
"248439","0.0","0.0","0.0","0.0","0","7","7","false","GFAP","43.714285714285715","0","0","false","0","GFAP","0"
"250494","0.0","0.0","0.0","0.33333333","0","3","3","false","TRAF4","94.66666666666667","0","0","false","0","TRAF4","0"
"250492","0.0","0.0","0.0","0.33333333","0","3","3","false","TRAF6","94.66666666666667","0","0","false","0","TRAF6","0"
"248449","0.0","0.0","0.0","0.0","0","7","7","false","SOCS1","43.714285714285715","0","0","false","0","SOCS1","0"
"248447","0.0","0.0","0.0","0.0","0","7","7","false","SOCS4","43.714285714285715","0","0","false","0","SOCS4","0"
"248453","0.0","0.0","0.0","0.0","0","10","10","false","SOCS3","54.3","0","0","false","0","SOCS3","0"
"248451","0.0","0.0","0.0","0.0","0","7","7","false","SOCS2","43.714285714285715","0","0","false","0","SOCS2","0"
"248457","0.0","0.0","0.0","0.0","0","7","7","false","SOCS5","43.714285714285715","0","0","false","0","SOCS5","0"
"248455","0.0","0.0","0.0","0.0","0","7","7","false","SOCS6","43.714285714285715","0","0","false","0","SOCS6","0"
"250508","0.0","0.0","0.0","0.08928571","0","8","8","false","PGF","66.25","0","0","false","0","PGF","0"
"246437","0.0","0.0","0.0","0.0","0","6","6","false","BCL2L11","65.5","0","0","false","0","BCL2L11","0"
"246436","1.36904762","0.0","0.73043478","0.0","2","53","0","false","FOXO3","9.150943396226415","53","0","false","0","FOXO3","0"
"246442","1.41538462","0.00151582","0.70652174","0.01186266","3","117","2","false","RELA","11.632478632478632","115","0","false","0","RELA","3143"
"246440","1.0","1.2476E-4","1.0","0.03418803","1","27","24","false","TNF","32.629629629629626","3","0","false","0","TNF","154"
"246439","1.41414141","0.00148565","0.70714286","0.01160803","3","119","2","false","NFKB1","11.478991596638656","117","0","false","0","NFKB1","3113"
"250540","1.94545455","4.2052E-4","0.51401869","0.08333333","2","9","6","false","JUP","23.11111111111111","3","0","false","0","JUP","330"
"246444","0.0","0.0","0.0","0.02916667","0","16","16","false","IL1B","42.375","0","0","false","0","IL1B","0"
"250546","0.0","0.0","0.0","0.0","0","2","2","false","CKS2","43.5","0","0","false","0","CKS2","0"
"246450","1.0","0.00229218","1.0","0.0016835","1","56","3","false","TP53","6.054545454545455","53","1","false","0","TP53","2696"
"250544","0.0","0.0","0.0","0.0","0","2","2","false","CKS1B","43.5","0","0","false","0","CKS1B","0"
"246447","0.0","0.0","0.0","0.02813853","0","22","22","false","IL6","36.95454545454545","0","0","false","0","IL6","0"
"248502","0.0","0.0","0.0","0.0","0","7","7","false","PIM1","43.714285714285715","0","0","false","0","PIM1","0"
"246453","0.0","0.0","0.0","0.0","0","2","2","false","BAX","30.0","0","0","false","0","BAX","0"
"250548","1.0","0.0","1.0","0.0","1","5","0","false","MAX","17.6","5","0","false","0","MAX","0"
"246451","0.0","0.0","0.0","0.33333333","0","3","3","false","FAS","84.0","0","0","false","0","FAS","0"
"246457","0.0","0.0","0.0","0.0","0","1","1","false","PMAIP1","55.0","0","0","false","0","PMAIP1","0"
"246455","0.0","0.0","0.0","0.0","0","1","1","false","BAK1","55.0","0","0","false","0","BAK1","0"
"250551","1.07692308","0.0","0.92857143","0.0","2","12","0","false","EPAS1","7.083333333333333","12","0","false","0","EPAS1","0"
"246462","0.0","0.0","0.0","0.0","0","4","4","false","HMGCS2","69.0","0","0","false","0","HMGCS2","0"
"246461","1.32967033","0.0","0.75206612","0.00218579","2","61","0","false","PPARA","9.40983606557377","61","0","false","0","PPARA","0"
"246459","1.96226415","2.0031E-4","0.50961538","0.1","2","6","4","false","BBC3","20.6","2","1","false","0","BBC3","156"
"246466","1.27884615","0.0","0.78195489","0.00162162","2","75","0","false","RXRA","8.013333333333334","75","0","false","0","RXRA","0"
"246464","0.0","0.0","0.0","0.0","0","4","4","false","HMGCS1","69.0","0","0","false","0","HMGCS1","0"
"246469","1.60576923","0.0","0.62275449","0.0","3","70","0","false","RXRB","6.171428571428572","70","0","false","0","RXRB","0"
"250563","0.0","0.0","0.0","0.13333333","0","6","6","false","PDGFA","87.16666666666667","0","0","false","0","PDGFA","0"
"250570","0.0","0.0","0.0","0.0","0","2","2","false","TGFB3","45.0","0","0","false","0","TGFB3","0"
"250568","0.0","0.0","0.0","0.0","0","2","2","false","TGFB2","45.0","0","0","false","0","TGFB2","0"
"246471","1.60576923","0.0","0.62275449","0.0","3","70","0","false","RXRG","6.171428571428572","70","0","false","0","RXRG","0"
"246475","0.0","0.0","0.0","0.0","0","4","4","false","APOA1","69.0","0","0","false","0","APOA1","0"
"250577","0.0","0.0","0.0","0.0","0","1","1","false","BMP2","25.0","0","0","false","0","BMP2","0"
"246480","0.0","0.0","0.0","0.0","0","4","4","false","APOA2","69.0","0","0","false","0","APOA2","0"
"248534","2.25","0.0","0.44444444","0.5","3","3","0","false","MAML3","22.333333333333332","3","0","false","0","MAML3","0"
"250581","0.0","0.0","0.0","0.0","0","2","2","false","WNT16","25.0","0","0","false","0","WNT16","0"
"246485","0.0","0.0","0.0","0.0","0","4","4","false","APOC3","69.0","0","0","false","0","APOC3","0"
"246490","0.0","0.0","0.0","0.0","0","4","4","false","APOA5","69.0","0","0","false","0","APOA5","0"
"250586","0.0","0.0","0.0","0.0","0","2","2","false","WNT2","25.0","0","0","false","0","WNT2","0"
"248537","2.25","0.0","0.44444444","0.5","3","3","0","false","MAML2","22.333333333333332","3","0","false","0","MAML2","0"
"250584","0.0","0.0","0.0","0.0","0","2","2","false","WNT1","25.0","0","0","false","0","WNT1","0"
"248535","1.91304348","6.12E-5","0.52272727","0.18157895","3","20","14","false","TBX21","39.05","6","0","false","0","TBX21","74"
"250590","0.0","0.0","0.0","0.0","0","2","2","false","WNT5A","25.0","0","0","false","0","WNT5A","0"
"250588","0.0","0.0","0.0","0.0","0","2","2","false","WNT3","25.0","0","0","false","0","WNT3","0"
"248539","2.25","0.0","0.44444444","0.5","3","3","0","false","MAML1","22.333333333333332","3","0","false","0","MAML1","0"
"250594","0.0","0.0","0.0","0.0","0","2","2","false","WNT7A","25.0","0","0","false","0","WNT7A","0"
"250592","0.0","0.0","0.0","0.0","0","2","2","false","WNT6","25.0","0","0","false","0","WNT6","0"
"248543","1.0","1.8297E-4","1.0","0.1","1","15","12","false","IFNG","48.86666666666667","3","0","false","0","IFNG","225"
"246495","0.0","0.0","0.0","0.0","0","4","4","false","PLTP","69.0","0","0","false","0","PLTP","0"
"246502","0.0","0.0","0.0","0.0","0","4","4","false","ME3","69.0","0","0","false","0","ME3","0"
"250598","0.0","0.0","0.0","0.0","0","2","2","false","WNT8A","25.0","0","0","false","0","WNT8A","0"
"248550","1.0","8.218E-5","1.0","0.15384615","1","13","11","false","IL12RB2","54.07692307692308","2","0","false","0","IL12RB2","210"
"248548","1.0","9.245E-5","1.0","0.09191176","1","17","15","false","IL12RB1","47.705882352941174","2","0","false","0","IL12RB1","218"
"250596","0.0","0.0","0.0","0.0","0","2","2","false","WNT7B","25.0","0","0","false","0","WNT7B","0"
"246500","0.0","0.0","0.0","0.0","0","4","4","false","ME1","69.0","0","0","false","0","ME1","0"
"250602","0.0","0.0","0.0","0.0","0","2","2","false","WNT10B","25.0","0","0","false","0","WNT10B","0"
"250600","0.0","0.0","0.0","0.0","0","2","2","false","WNT8B","25.0","0","0","false","0","WNT8B","0"
"250606","0.0","0.0","0.0","0.0","0","2","2","false","WNT2B","25.0","0","0","false","0","WNT2B","0"
"246510","0.0","0.0","0.0","0.0","0","6","6","false","SCD","55.0","0","0","false","0","SCD","0"
"250604","0.0","0.0","0.0","0.0","0","2","2","false","WNT11","25.0","0","0","false","0","WNT11","0"
"250610","0.0","0.0","0.0","0.0","0","2","2","false","WNT9B","25.0","0","0","false","0","WNT9B","0"
"248561","0.0","0.0","0.0","0.10233918","0","19","19","false","IL4","39.05263157894737","0","0","false","0","IL4","0"
"246512","0.0","0.0","0.0","0.0","0","6","6","false","SCD5","55.0","0","0","false","0","SCD5","0"
"250608","0.0","0.0","0.0","0.0","0","2","2","false","WNT9A","25.0","0","0","false","0","WNT9A","0"
"248559","1.33333333","3.0624E-4","0.75","0.15873016","2","28","16","false","GATA3","30.785714285714285","12","0","false","0","GATA3","341"
"250614","0.0","0.0","0.0","0.0","0","2","2","false","WNT5B","25.0","0","0","false","0","WNT5B","0"
"250612","0.0","0.0","0.0","0.0","0","2","2","false","WNT10A","25.0","0","0","false","0","WNT10A","0"
"250616","0.0","0.0","0.0","0.0","0","2","2","false","WNT3A","25.0","0","0","false","0","WNT3A","0"
"246520","0.0","0.0","0.0","0.0","0","4","4","false","FADS2","69.0","0","0","false","0","FADS2","0"
"250621","2.84482759","1.28E-6","0.35151515","0.3","3","5","2","false","ZBTB16","7.2","3","0","false","0","ZBTB16","2"
"246525","0.0","0.0","0.0","0.0","0","5","5","false","CYP7A1","56.6","0","0","false","0","CYP7A1","0"
"246530","0.0","0.0","0.0","0.0","0","4","4","false","CYP8B1","69.0","0","0","false","0","CYP8B1","0"
"248578","0.0","0.0","0.0","0.11538462","0","14","14","false","IL2RA","54.785714285714285","0","0","false","0","IL2RA","0"
"250625","2.87719298","0.0","0.34756098","0.0","3","2","0","false","MECOM","6.0","2","0","false","0","MECOM","0"
"248582","0.0","0.0","0.0","0.12878788","0","12","12","false","IL2RG","57.583333333333336","0","0","false","0","IL2RG","0"
"250629","0.0","0.0","0.0","0.0","0","1","1","false","CSF2RA","10.0","0","0","false","0","CSF2RA","0"
"248580","0.0","0.0","0.0","0.12878788","0","12","12","false","IL2RB","57.583333333333336","0","0","false","0","IL2RB","0"
"250627","0.0","0.0","0.0","0.0","0","2","2","false","CSF3R","9.0","0","0","false","0","CSF3R","0"
"246535","1.85714286","1.0336E-4","0.53846154","0.14444444","2","10","5","false","NR1H3","49.4","5","0","false","0","NR1H3","93"
"250631","0.0","0.0","0.0","0.0","0","3","3","false","CSF1R","5.0","0","0","false","0","CSF1R","0"
"248590","0.0","0.0","0.0","0.12878788","0","12","12","false","IL4R","57.583333333333336","0","0","false","0","IL4R","0"
"246540","0.0","0.0","0.0","0.0","0","4","4","false","DBI","69.0","0","0","false","0","DBI","0"
"246545","0.0","0.0","0.0","0.0","0","6","6","false","FABP1","59.5","0","0","false","0","FABP1","0"
"250641","0.0","0.0","0.0","0.5","0","3","3","false","CCNA1","9.0","0","0","false","0","CCNA1","0"
"248597","0.0","0.0","0.0","0.0952381","0","15","15","false","IL2","53.266666666666666","0","0","false","0","IL2","0"
"246549","0.0","0.0","0.0","0.0","0","6","6","false","FABP2","59.5","0","0","false","0","FABP2","0"
"246547","0.0","0.0","0.0","0.0","0","6","6","false","FABP4","59.5","0","0","false","0","FABP4","0"
"246553","0.0","0.0","0.0","0.0","0","6","6","false","FABP5","59.5","0","0","false","0","FABP5","0"
"248601","0.0","0.0","0.0","0.29166667","0","9","9","false","IL5","66.11111111111111","0","0","false","0","IL5","0"
"246551","0.0","0.0","0.0","0.0","0","6","6","false","FABP3","59.5","0","0","false","0","FABP3","0"
"248605","0.0","0.0","0.0","0.18055556","0","9","9","false","IL13","64.11111111111111","0","0","false","0","IL13","0"
"246557","0.0","0.0","0.0","0.0","0","6","6","false","FABP7","59.5","0","0","false","0","FABP7","0"
"246555","0.0","0.0","0.0","0.0","0","6","6","false","FABP6","59.5","0","0","false","0","FABP6","0"
"250657","0.0","0.0","0.0","0.27777778","0","9","9","false","ERBB2","9.0","0","0","false","0","ERBB2","0"
"250670","2.37815126","1.2696E-4","0.4204947","0.08333333","4","9","4","false","HEY1","29.88888888888889","5","0","false","0","HEY1","576"
"250674","2.37815126","1.2696E-4","0.4204947","0.08333333","4","9","4","false","HEYL","29.88888888888889","5","0","false","0","HEYL","576"
"250672","2.37815126","1.2696E-4","0.4204947","0.08333333","4","9","4","false","HEY2","29.88888888888889","5","0","false","0","HEY2","576"
"246582","0.0","0.0","0.0","0.0","0","5","5","false","SLC27A5","65.0","0","0","false","0","SLC27A5","0"
"246580","0.0","0.0","0.0","0.0","0","5","5","false","SLC27A4","65.0","0","0","false","0","SLC27A4","0"
"246586","0.0","0.0","0.0","0.0","0","5","5","false","SLC27A6","65.0","0","0","false","0","SLC27A6","0"
"246584","0.0","0.0","0.0","0.0","0","5","5","false","SLC27A2","65.0","0","0","false","0","SLC27A2","0"
"250685","0.0","0.0","0.0","0.0","0","4","4","false","FLT4","8.0","0","0","false","0","FLT4","0"
"246588","0.0","0.0","0.0","0.0","0","5","5","false","SLC27A1","65.0","0","0","false","0","SLC27A1","0"
"250690","1.0","0.0","1.0","0.0","1","32","0","false","NFE2L2","2.25","32","0","false","0","NFE2L2","0"
"250694","0.0","0.0","0.0","0.0","0","2","2","false","GSTO2","39.5","0","0","false","0","GSTO2","0"
"250692","0.0","0.0","0.0","0.0","0","2","2","false","NQO1","39.5","0","0","false","0","NQO1","0"
"250698","0.0","0.0","0.0","0.0","0","2","2","false","GSTA1","39.5","0","0","false","0","GSTA1","0"
"250696","0.0","0.0","0.0","0.0","0","2","2","false","GSTA5","39.5","0","0","false","0","GSTA5","0"
"250702","0.0","0.0","0.0","0.0","0","2","2","false","GSTA3","39.5","0","0","false","0","GSTA3","0"
"246605","0.0","0.0","0.0","0.0","0","6","6","false","LPL","59.5","0","0","false","0","LPL","0"
"250700","0.0","0.0","0.0","0.0","0","2","2","false","GSTA2","39.5","0","0","false","0","GSTA2","0"
"246610","0.0","0.0","0.0","0.0","0","5","5","false","ACSL1","65.0","0","0","false","0","ACSL1","0"
"250706","0.0","0.0","0.0","0.0","0","2","2","false","GSTM1","39.5","0","0","false","0","GSTM1","0"
"250704","0.0","0.0","0.0","0.0","0","2","2","false","GSTA4","39.5","0","0","false","0","GSTA4","0"
"250710","0.0","0.0","0.0","0.0","0","2","2","false","GSTM3","39.5","0","0","false","0","GSTM3","0"
"246614","0.0","0.0","0.0","0.0","0","5","5","false","ACSL4","65.0","0","0","false","0","ACSL4","0"
"246612","0.0","0.0","0.0","0.0","0","5","5","false","ACSL3","65.0","0","0","false","0","ACSL3","0"
"250708","0.0","0.0","0.0","0.0","0","2","2","false","GSTM2","39.5","0","0","false","0","GSTM2","0"
"246618","0.0","0.0","0.0","0.0","0","5","5","false","ACSL6","65.0","0","0","false","0","ACSL6","0"
"250714","0.0","0.0","0.0","0.0","0","2","2","false","GSTM5","39.5","0","0","false","0","GSTM5","0"
"250712","0.0","0.0","0.0","0.0","0","2","2","false","GSTM4","39.5","0","0","false","0","GSTM4","0"
"246616","0.0","0.0","0.0","0.0","0","5","5","false","ACSBG1","65.0","0","0","false","0","ACSBG1","0"
"250718","0.0","0.0","0.0","0.0","0","2","2","false","GSTT1","39.5","0","0","false","0","GSTT1","0"
"246622","0.0","0.0","0.0","0.0","0","5","5","false","ACSBG2","65.0","0","0","false","0","ACSBG2","0"
"250716","0.0","0.0","0.0","0.0","0","2","2","false","GSTP1","39.5","0","0","false","0","GSTP1","0"
"246620","0.0","0.0","0.0","0.0","0","5","5","false","ACSL5","65.0","0","0","false","0","ACSL5","0"
"250722","0.0","0.0","0.0","0.0","0","2","2","false","MGST1","39.5","0","0","false","0","MGST1","0"
"250720","0.0","0.0","0.0","0.0","0","2","2","false","GSTT2","39.5","0","0","false","0","GSTT2","0"
"250726","0.0","0.0","0.0","0.0","0","2","2","false","MGST3","39.5","0","0","false","0","MGST3","0"
"250724","0.0","0.0","0.0","0.0","0","2","2","false","MGST2","39.5","0","0","false","0","MGST2","0"
"250730","0.0","0.0","0.0","0.0","0","2","2","false","GSTO1","39.5","0","0","false","0","GSTO1","0"
"250728","0.0","0.0","0.0","0.0","0","2","2","false","GSTT2B","39.5","0","0","false","0","GSTT2B","0"
"250734","0.0","0.0","0.0","0.0","0","1","1","false","TXNRD3","32.0","0","0","false","0","TXNRD3","0"
"250732","0.0","0.0","0.0","0.0","0","1","1","false","TXNRD2","32.0","0","0","false","0","TXNRD2","0"
"248689","1.0","0.0","1.0","0.16666667","1","6","1","false","MAF","16.166666666666668","5","0","false","0","MAF","0"
"250736","0.0","0.0","0.0","0.0","0","1","1","false","TXNRD1","32.0","0","0","false","0","TXNRD1","0"
"250741","1.94545455","0.0","0.51401869","0.16666667","2","3","0","false","RAC1","58.333333333333336","3","0","false","0","RAC1","0"
"246645","0.0","0.0","0.0","0.0","0","4","4","false","EHHADH","69.0","0","0","false","0","EHHADH","0"
"250739","1.94545455","0.0","0.51401869","0.16666667","2","3","0","false","RHOA","58.333333333333336","3","0","false","0","RHOA","0"
"246650","0.0","0.0","0.0","0.0","0","4","4","false","CYP4A11","69.0","0","0","false","0","CYP4A11","0"
"250743","1.94545455","0.0","0.51401869","0.16666667","2","3","0","false","RAC2","58.333333333333336","3","0","false","0","RAC2","0"
"246652","0.0","0.0","0.0","0.0","0","4","4","false","CYP4A22","69.0","0","0","false","0","CYP4A22","0"
"248709","0.0","0.0","0.0","0.0","0","5","5","false","IRF4","13.4","0","0","false","0","IRF4","0"
"246660","0.0","0.0","0.0","0.0","0","4","4","false","ACAA1","69.0","0","0","false","0","ACAA1","0"
"248708","1.30434783","0.0","0.76666667","0.0","2","16","0","false","MAPK14","17.6875","16","0","false","0","MAPK14","0"
"250761","1.97058824","0.0","0.50746269","0.0","2","1","0","false","RPS6KA5","82.0","1","0","false","0","RPS6KA5","0"
"246665","0.0","0.0","0.0","0.0","0","4","4","false","SCP2","69.0","0","0","false","0","SCP2","0"
"248713","1.30434783","0.0","0.76666667","0.0","2","16","0","false","MAPK13","17.6875","16","0","false","0","MAPK13","0"
"248711","1.30434783","0.0","0.76666667","0.0","2","16","0","false","MAPK11","17.6875","16","0","false","0","MAPK11","0"
"246670","0.0","0.0","0.0","0.0","0","5","5","false","ACOX1","61.6","0","0","false","0","ACOX1","0"
"248717","1.0","9.245E-5","1.0","0.0130719","1","18","14","false","RORC","14.61111111111111","4","0","false","0","RORC","96"
"250763","0.0","0.0","0.0","0.0","0","3","3","false","PIM2","49.0","0","0","false","0","PIM2","0"
"248715","1.30434783","0.0","0.76666667","0.0","2","16","0","false","MAPK12","17.6875","16","0","false","0","MAPK12","0"
"246674","0.0","0.0","0.0","0.0","0","5","5","false","ACOX3","61.6","0","0","false","0","ACOX3","0"
"248722","1.0","3.082E-5","1.0","0.01666667","1","16","12","false","RORA","14.5","4","0","false","0","RORA","48"
"250769","0.0","0.0","0.0","0.0","0","1","1","false","ITGAM","10.0","0","0","false","0","ITGAM","0"
"246672","0.0","0.0","0.0","0.0","0","5","5","false","ACOX2","61.6","0","0","false","0","ACOX2","0"
"250767","0.0","0.0","0.0","0.0","0","1","1","false","CD14","10.0","0","0","false","0","CD14","0"
"250773","0.0","0.0","0.0","0.0","0","2","2","false","MIR21","34.5","0","0","false","0","MIR21","0"
"250771","0.0","0.0","0.0","0.0","0","1","1","false","FCGR1A","10.0","0","0","false","0","FCGR1A","0"
"248727","1.57142857","0.0","0.63636364","0.0","2","3","0","false","MTOR","13.0","3","0","false","0","MTOR","0"
"246685","0.0","0.0","0.0","0.03095238","0","21","21","false","CPT1C","45.333333333333336","0","0","false","0","CPT1C","0"
"250785","0.0","0.0","0.0","0.0","0","2","2","false","PDCD4","3.0","0","0","false","0","PDCD4","0"
"246689","0.0","0.0","0.0","0.03095238","0","21","21","false","CPT1B","45.333333333333336","0","0","false","0","CPT1B","0"
"248737","0.0","0.0","0.0","0.0","0","4","4","false","IL23R","27.0","0","0","false","0","IL23R","0"
"250784","1.5","0.0","0.66666667","0.0","2","3","0","false","TLR2","18.666666666666668","3","0","false","0","TLR2","0"
"246687","0.0","0.0","0.0","0.03095238","0","21","21","false","CPT1A","45.333333333333336","0","0","false","0","CPT1A","0"
"250787","1.5","0.0","0.66666667","0.0","2","3","0","false","TLR4","18.666666666666668","3","0","false","0","TLR4","0"
"250793","0.0","0.0","0.0","0.0","0","1","1","false","TFAP4","82.0","0","0","false","0","TFAP4","0"
"248750","0.0","0.0","0.0","0.1","0","6","6","false","IL17F","35.5","0","0","false","0","IL17F","0"
"250797","0.0","0.0","0.0","0.0","0","1","1","false","TIMP3","2.0","0","0","false","0","TIMP3","0"
"248748","0.0","0.0","0.0","0.1","0","6","6","false","IL17A","35.5","0","0","false","0","IL17A","0"
"246700","0.0","0.0","0.0","0.0","0","4","4","false","CPT2","69.0","0","0","false","0","CPT2","0"
"250796","1.0","0.0","1.0","0.0","1","2","0","false","CBL","1.5","2","0","false","0","CBL","0"
"248754","0.0","0.0","0.0","0.1","0","6","6","false","IL22","35.5","0","0","false","0","IL22","0"
"250802","0.0","0.0","0.0","0.0","0","1","1","false","PLAUR","32.0","0","0","false","0","PLAUR","0"
"246705","0.0","0.0","0.0","0.0","0","4","4","false","ACADM","69.0","0","0","false","0","ACADM","0"
"248752","0.0","0.0","0.0","0.1","0","6","6","false","IL21","35.5","0","0","false","0","IL21","0"
"246710","0.0","0.0","0.0","0.0","0","6","6","false","ANGPTL4","59.5","0","0","false","0","ANGPTL4","0"
"250804","0.0","0.0","0.0","0.0","0","1","1","false","PTCH2","25.0","0","0","false","0","PTCH2","0"
"250809","2.91071429","0.0","0.34355828","0.0","3","1","0","false","RUNX1T1","9.0","1","0","false","0","RUNX1T1","0"
"250811","0.0","0.0","0.0","0.5","0","2","2","false","CEBPE","11.0","0","0","false","0","CEBPE","0"
"246715","0.0","0.0","0.0","0.0","0","7","7","false","UCP1","55.714285714285715","0","0","false","0","UCP1","0"
"250816","0.0","0.0","0.0","0.5","0","2","2","false","DUSP6","9.5","0","0","false","0","DUSP6","0"
"246720","1.0","0.00122816","1.0","0.0","1","32","12","false","PPARD","14.3125","20","0","false","0","PPARD","1034"
"248778","0.0","0.0","0.0","0.0","0","9","9","false","FOXP3","39.333333333333336","0","0","false","0","FOXP3","0"
"248776","2.79032258","0.0","0.3583815","0.0","3","3","0","false","RUNX1","10.0","3","0","false","0","RUNX1","0"
"246731","0.0","0.0","0.0","0.0","0","4","4","false","ACADL","61.75","0","0","false","0","ACADL","0"
"248784","2.19354839","2.2342E-4","0.45588235","0.07142857","3","14","6","false","RARA","23.357142857142858","8","0","false","0","RARA","203"
"248790","0.0","0.0","0.0","0.10714286","0","8","8","false","IL10","71.875","0","0","false","0","IL10","0"
"246742","0.0","0.0","0.0","0.0","0","4","4","false","ILK","61.75","0","0","false","0","ILK","0"
"248794","0.0","0.0","0.0","0.13888889","0","9","9","false","CSF2","69.22222222222223","0","0","false","0","CSF2","0"
"246747","0.0","0.0","0.0","0.0","0","4","4","false","PDPK1","61.75","0","0","false","0","PDPK1","0"
"248801","0.0","0.0","0.0","0.08095238","0","15","15","false","CDK4","57.2","0","0","false","0","CDK4","0"
"246752","0.0","0.0","0.0","0.0","0","4","4","false","UBC","61.75","0","0","false","0","UBC","0"
"246757","2.53869969","0.0","0.39390244","0.00127551","4","49","0","false","PPARG","11.73469387755102","49","0","false","0","PPARG","0"
"246761","0.0","0.0","0.0","0.0","0","4","4","false","CYP27A1","66.0","0","0","false","0","CYP27A1","0"
"248817","1.0","9.42E-6","1.0","0.0952381","1","7","4","false","IRF1","42.285714285714285","3","0","false","0","IRF1","8"
"248821","0.0","0.0","0.0","0.0","0","4","4","false","PER3","22.25","0","0","false","0","PER3","0"
"248819","0.0","0.0","0.0","0.0","0","4","4","false","PER1","22.25","0","0","false","0","PER1","0"
"246771","0.0","0.0","0.0","0.0","0","4","4","false","CD36","66.0","0","0","false","0","CD36","0"
"248825","1.26666667","1.798E-5","0.78947368","0.0","2","12","1","false","ARNTL","5.909090909090909","11","1","false","0","ARNTL","18"
"250873","0.0","0.0","0.0","0.0","0","1","1","false","GLS2","82.0","0","0","false","0","GLS2","0"
"246777","0.0","0.0","0.0","0.0","0","4","4","false","OLR1","66.0","0","0","false","0","OLR1","0"
"248823","0.0","0.0","0.0","0.0","0","5","5","false","PER2","19.4","0","0","false","0","PER2","0"
"248829","1.3125","0.0","0.76190476","0.0","2","11","0","false","NPAS2","5.909090909090909","11","0","false","0","NPAS2","0"
"250875","0.0","0.0","0.0","0.0","0","1","1","false","SLC1A5","82.0","0","0","false","0","SLC1A5","0"
"248833","1.3125","0.0","0.76190476","0.0","2","11","0","false","CLOCK","5.909090909090909","11","0","false","0","CLOCK","0"
"248837","0.0","0.0","0.0","0.0","0","3","3","false","CRY1","11.0","0","0","false","0","CRY1","0"
"250885","0.0","0.0","0.0","0.0","0","2","2","false","PGAM2","80.0","0","0","false","0","PGAM2","0"
"250883","0.0","0.0","0.0","0.0","0","2","2","false","PGAM4","80.0","0","0","false","0","PGAM4","0"
"246793","0.0","0.0","0.0","0.0","0","4","4","false","PLIN2","66.0","0","0","false","0","PLIN2","0"
"248839","0.0","0.0","0.0","0.0","0","3","3","false","CRY2","11.0","0","0","false","0","CRY2","0"
"250887","0.0","0.0","0.0","0.0","0","2","2","false","PKM","80.0","0","0","false","0","PKM","0"
"246797","0.0","0.0","0.0","0.0","0","11","11","false","PLIN1","27.181818181818183","0","0","false","0","PLIN1","0"
"248845","0.0","0.0","0.0","0.0","0","3","3","false","BHLHE41","11.0","0","0","false","0","BHLHE41","0"
"246795","0.0","0.0","0.0","0.0","0","4","4","false","PLIN5","66.0","0","0","false","0","PLIN5","0"
"250898","0.0","0.0","0.0","0.0","0","5","5","false","PLA2G4B","22.4","0","0","false","0","PLA2G4B","0"
"246799","0.0","0.0","0.0","0.0","0","4","4","false","PLIN4","66.0","0","0","false","0","PLIN4","0"
"248847","0.0","0.0","0.0","0.0","0","3","3","false","BHLHE40","11.0","0","0","false","0","BHLHE40","0"
"250902","0.0","0.0","0.0","0.0","0","5","5","false","PLA2G4F","22.4","0","0","false","0","PLA2G4F","0"
"248853","2.2","2.57E-6","0.45454545","0.0","3","4","3","false","NR1D1","11.0","1","1","false","0","NR1D1","2"
"250900","0.0","0.0","0.0","0.0","0","5","5","false","PLA2G4E","22.4","0","0","false","0","PLA2G4E","0"
"248858","0.0","0.0","0.0","0.0","0","3","3","false","RORB","11.0","0","0","false","0","RORB","0"
"250906","0.0","0.0","0.0","0.0","0","5","5","false","PLA2G4A","22.4","0","0","false","0","PLA2G4A","0"
"250904","0.0","0.0","0.0","0.0","0","5","5","false","PLA2G4D","22.4","0","0","false","0","PLA2G4D","0"
"250910","0.0","0.0","0.0","0.0","0","5","5","false","JMJD7PLA2G4B","22.4","0","0","false","0","JMJD7PLA2G4B","0"
"250908","0.0","0.0","0.0","0.0","0","5","5","false","PLA2G4C","22.4","0","0","false","0","PLA2G4C","0"
"248870","0.0","0.0","0.0","0.0","0","1","1","false","FBP2","57.0","0","0","false","0","FBP2","0"
"248868","0.0","0.0","0.0","0.0","0","1","1","false","FBP1","57.0","0","0","false","0","FBP1","0"
"246820","0.0","0.0","0.0","0.0","0","4","4","false","ADIPOQ","66.0","0","0","false","0","ADIPOQ","0"
"246825","0.0","0.0","0.0","0.0","0","4","4","false","SORBS1","66.0","0","0","false","0","SORBS1","0"
"246830","0.0","0.0","0.0","0.08928571","0","8","8","false","MMP1","70.0","0","0","false","0","MMP1","0"
"248882","1.63636364","6.677E-5","0.61111111","0.03571429","2","8","4","false","PDX1","5.875","4","0","false","0","PDX1","52"
"246838","0.0","0.0","0.0","0.02371542","0","23","23","false","PCK2","43.608695652173914","0","0","false","0","PCK2","0"
"248884","0.0","0.0","0.0","0.0","0","15","15","false","STAR","22.533333333333335","0","0","false","0","STAR","0"
"246836","0.0","0.0","0.0","0.02371542","0","23","23","false","PCK1","43.608695652173914","0","0","false","0","PCK1","0"
"248888","0.0","0.0","0.0","0.0","0","3","3","false","CYP17A1","11.0","0","0","false","0","CYP17A1","0"
"246846","0.0","0.0","0.0","0.0","0","4","4","false","AQP7","66.0","0","0","false","0","AQP7","0"
"250942","0.0","0.0","0.0","0.0","0","2","2","false","IL18RAP","15.0","0","0","false","0","IL18RAP","0"
"248894","0.0","0.0","0.0","0.0","0","3","3","false","HSD3B2","11.0","0","0","false","0","HSD3B2","0"
"248892","0.0","0.0","0.0","0.0","0","3","3","false","HSD3B1","11.0","0","0","false","0","HSD3B1","0"
"250944","0.0","0.0","0.0","0.0","0","2","2","false","IL18R1","15.0","0","0","false","0","IL18R1","0"
"250949","0.0","0.0","0.0","0.16666667","0","4","4","false","CTSL","108.25","0","0","false","0","CTSL","0"
"248900","0.0","0.0","0.0","0.0","0","3","3","false","CYP19A1","11.0","0","0","false","0","CYP19A1","0"
"246851","0.0","0.0","0.0","0.0","0","4","4","false","GK2","66.0","0","0","false","0","GK2","0"
"248906","0.0","0.0","0.0","0.0","0","3","3","false","AKR1C3","11.0","0","0","false","0","AKR1C3","0"
"246857","1.62711864","0.00388879","0.61458333","0.01872659","2","90","24","false","FOS","16.31111111111111","66","0","false","0","FOS","4368"
"248904","0.0","0.0","0.0","0.0","0","3","3","false","HSD17B2","11.0","0","0","false","0","HSD17B2","0"
"246856","2.7883959","0.0","0.35862913","0.0","4","5","0","false","SRF","46.6","5","0","false","0","SRF","0"
"246861","2.7883959","0.0","0.35862913","0.0","4","5","0","false","ELK4","46.6","5","0","false","0","ELK4","0"
"246859","1.86486486","0.00431528","0.53623188","0.02354082","3","107","19","false","JUN","16.0","88","0","false","0","JUN","6857"
"248914","0.0","0.0","0.0","0.0","0","3","3","false","HSD17B7","11.0","0","0","false","0","HSD17B7","0"
"248912","0.0","0.0","0.0","0.0","0","3","3","false","HSD17B1","11.0","0","0","false","0","HSD17B1","0"
"246864","2.75767918","2.568E-5","0.36262376","0.08241758","4","14","3","false","ELK1","32.07142857142857","11","0","false","0","ELK1","23"
"246870","0.0","0.0","0.0","0.0","0","6","6","false","MYH6","25.5","0","0","false","0","MYH6","0"
"250965","0.0","0.0","0.0","0.0","0","2","2","false","SQSTM1","39.5","0","0","false","0","SQSTM1","0"
"246868","0.0","0.0","0.0","0.0","0","6","6","false","MYH7","25.5","0","0","false","0","MYH7","0"
"246867","1.19565217","0.00143251","0.83636364","0.06244898","2","50","13","false","NFATC1","22.5","37","0","false","0","NFATC1","2448"
"248922","1.66949153","2.0651E-4","0.59898477","0.00775194","2","43","4","false","ESR2","14.883720930232558","39","0","false","0","ESR2","322"
"246874","1.2195122","0.0","0.82","0.01612903","2","32","0","false","NFATC3","11.5","32","0","false","0","NFATC3","0"
"250969","0.0","0.0","0.0","0.0","0","2","2","false","TXN","39.5","0","0","false","0","TXN","0"
"246872","1.2195122","0.0","0.82","0.01612903","2","32","0","false","NFATC2","11.5","32","0","false","0","NFATC2","0"
"248920","1.63709677","2.3733E-4","0.61083744","0.00595238","2","49","4","false","ESR1","13.306122448979592","45","0","false","0","ESR1","346"
"250967","0.0","0.0","0.0","0.0","0","2","2","false","TXN2","39.5","0","0","false","0","TXN2","0"
"248926","1.66949153","0.0","0.59898477","0.00134953","2","39","0","false","NCOA3","10.615384615384615","39","0","false","0","NCOA3","0"
"250974","0.0","0.0","0.0","0.0","0","2","2","false","ASS1","39.5","0","0","false","0","ASS1","0"
"248924","2.3220339","0.0","0.43065693","0.0","4","36","0","false","NCOA2","6.638888888888889","36","0","false","0","NCOA2","0"
"250972","0.0","0.0","0.0","0.0","0","2","2","false","NPPC","39.5","0","0","false","0","NPPC","0"
"246876","1.1875","0.0","0.84210526","0.0","2","13","0","false","NFATC4","10.153846153846153","13","0","false","0","NFATC4","0"
"248930","0.0","0.0","0.0","0.0","0","5","5","false","EBAG9","40.6","0","0","false","0","EBAG9","0"
"250977","0.0","0.0","0.0","0.0","0","2","2","false","PLAT","39.5","0","0","false","0","PLAT","0"
"246881","0.0","0.0","0.0","0.0","0","4","4","false","NPPB","31.75","0","0","false","0","NPPB","0"
"248928","2.3220339","0.0","0.43065693","0.0","4","36","0","false","NCOA1","6.638888888888889","36","0","false","0","NCOA1","0"
"246886","0.0","0.0","0.0","0.0","0","4","4","false","TRPC6","31.75","0","0","false","0","TRPC6","0"
"248938","0.0","0.0","0.0","0.0","0","5","5","false","KRT40","40.6","0","0","false","0","KRT40","0"
"248936","0.0","0.0","0.0","0.0","0","5","5","false","LOC100653049","40.6","0","0","false","0","LOC100653049","0"
"248942","0.0","0.0","0.0","0.0","0","5","5","false","KRT28","40.6","0","0","false","0","KRT28","0"
"246894","2.52238806","2.0031E-4","0.3964497","0.01590909","4","56","1","false","CREB1","17.607142857142858","55","0","false","0","CREB1","168"
"248940","0.0","0.0","0.0","0.0","0","5","5","false","KRT25","40.6","0","0","false","0","KRT25","0"
"246892","0.0","0.0","0.0","0.0","0","10","10","false","BDNF","30.1","0","0","false","0","BDNF","0"
"246891","2.6474359","0.0","0.37772397","0.02116402","4","28","0","false","CREB3","26.75","28","0","false","0","CREB3","0"
"248946","0.0","0.0","0.0","0.0","0","5","5","false","KRT23","40.6","0","0","false","0","KRT23","0"
"246898","2.6474359","0.0","0.37772397","0.02116402","4","28","0","false","CREB3L2","26.75","28","0","false","0","CREB3L2","0"
"246896","2.6474359","0.0","0.37772397","0.02116402","4","28","0","false","CREB3L4","26.75","28","0","false","0","CREB3L4","0"
"248944","0.0","0.0","0.0","0.0","0","5","5","false","KRT24","40.6","0","0","false","0","KRT24","0"
"246902","2.6474359","0.0","0.37772397","0.02116402","4","28","0","false","CREB3L1","26.75","28","0","false","0","CREB3L1","0"
"248950","0.0","0.0","0.0","0.0","0","5","5","false","KRT26","40.6","0","0","false","0","KRT26","0"
"248948","0.0","0.0","0.0","0.0","0","5","5","false","KRT27","40.6","0","0","false","0","KRT27","0"
"246900","2.6474359","0.0","0.37772397","0.02116402","4","28","0","false","CREB3L3","26.75","28","0","false","0","CREB3L3","0"
"248954","0.0","0.0","0.0","0.0","0","5","5","false","KRT10","40.6","0","0","false","0","KRT10","0"
"248952","0.0","0.0","0.0","0.0","0","5","5","false","KRT9","40.6","0","0","false","0","KRT9","0"
"246904","2.65909091","0.0","0.37606838","0.02279202","4","27","0","false","CREB5","27.185185185185187","27","0","false","0","CREB5","0"
"248958","0.0","0.0","0.0","0.0","0","5","5","false","KRT13","40.6","0","0","false","0","KRT13","0"
"248956","0.0","0.0","0.0","0.0","0","5","5","false","KRT12","40.6","0","0","false","0","KRT12","0"
"248962","0.0","0.0","0.0","0.0","0","5","5","false","KRT15","40.6","0","0","false","0","KRT15","0"
"248960","0.0","0.0","0.0","0.0","0","5","5","false","KRT14","40.6","0","0","false","0","KRT14","0"
"248966","0.0","0.0","0.0","0.0","0","5","5","false","KRT17","40.6","0","0","false","0","KRT17","0"
"248964","0.0","0.0","0.0","0.0","0","5","5","false","KRT16","40.6","0","0","false","0","KRT16","0"
"248970","0.0","0.0","0.0","0.0","0","5","5","false","KRT19","40.6","0","0","false","0","KRT19","0"
"246921","1.0","2.825E-5","1.0","0.00333333","1","25","1","false","GLI1","2.04","24","0","false","0","GLI1","22"
"248968","0.0","0.0","0.0","0.0","0","5","5","false","KRT18","40.6","0","0","false","0","KRT18","0"
"246920","1.88","0.0","0.53191489","0.33333333","2","3","0","false","GLI3","9.666666666666666","3","0","false","0","GLI3","0"
"248974","0.0","0.0","0.0","0.0","0","5","5","false","KRT32","40.6","0","0","false","0","KRT32","0"
"246925","0.0","0.0","0.0","0.5","0","2","2","false","HHIP","14.0","0","0","false","0","HHIP","0"
"248972","0.0","0.0","0.0","0.0","0","5","5","false","KRT31","40.6","0","0","false","0","KRT31","0"
"246923","0.0","0.0","0.0","0.5","0","2","2","false","PTCH1","14.0","0","0","false","0","PTCH1","0"
"248978","0.0","0.0","0.0","0.0","0","5","5","false","KRT33B","40.6","0","0","false","0","KRT33B","0"
"246930","1.0","0.0","1.0","0.0","1","1","0","false","SOX9","3.0","1","0","false","0","SOX9","0"
"248976","0.0","0.0","0.0","0.0","0","5","5","false","KRT33A","40.6","0","0","false","0","KRT33A","0"
"246927","0.0","0.0","0.0","0.0","0","3","3","false","AMH","79.0","0","0","false","0","AMH","0"
"246934","0.0","0.0","0.0","0.01098901","0","14","14","false","BIRC2","32.714285714285715","0","0","false","0","BIRC2","0"
"248982","0.0","0.0","0.0","0.0","0","5","5","false","KRT35","40.6","0","0","false","0","KRT35","0"
"246932","0.0","0.0","0.0","0.0","0","1","1","false","F2R","50.0","0","0","false","0","F2R","0"
"248980","0.0","0.0","0.0","0.0","0","5","5","false","KRT34","40.6","0","0","false","0","KRT34","0"
"248986","0.0","0.0","0.0","0.0","0","5","5","false","KRT20","40.6","0","0","false","0","KRT20","0"
"248984","0.0","0.0","0.0","0.0","0","5","5","false","KRT39","40.6","0","0","false","0","KRT39","0"
"246936","0.0","0.0","0.0","0.16666667","0","4","4","false","BIRC3","74.5","0","0","false","0","BIRC3","0"
"246942","0.0","0.0","0.0","0.1","0","5","5","false","XIAP","65.2","0","0","false","0","XIAP","0"
"248990","0.0","0.0","0.0","0.0","0","5","5","false","KRT37","40.6","0","0","false","0","KRT37","0"
"248988","0.0","0.0","0.0","0.0","0","5","5","false","KRT38","40.6","0","0","false","0","KRT38","0"
"246940","0.0","0.0","0.0","0.0","0","2","2","false","CFLAR","118.0","0","0","false","0","CFLAR","0"
"246945","0.0","0.0","0.0","0.01818182","0","11","11","false","BCL2L1","56.18181818181818","0","0","false","0","BCL2L1","0"
"248992","0.0","0.0","0.0","0.0","0","5","5","false","KRT36","40.6","0","0","false","0","KRT36","0"
"246948","0.0","0.0","0.0","0.02272727","0","33","33","false","BCL2","47.333333333333336","0","0","false","0","BCL2","0"
"246954","0.0","0.0","0.0","0.33333333","0","3","3","false","TRAF1","94.66666666666667","0","0","false","0","TRAF1","0"
"246951","0.0","0.0","0.0","0.0","0","7","7","false","GADD45B","69.57142857142857","0","0","false","0","GADD45B","0"
"246956","0.0","0.0","0.0","0.33333333","0","3","3","false","TRAF2","94.66666666666667","0","0","false","0","TRAF2","0"
"246960","0.0","0.0","0.0","0.08333333","0","4","4","false","BCL2A1","64.5","0","0","false","0","BCL2A1","0"
"246966","0.0","0.0","0.0","0.02873563","0","30","30","false","CXCL8","34.86666666666667","0","0","false","0","CXCL8","0"
"246963","1.60714286","0.0012952","0.62222222","0.03590426","3","48","7","false","NFKB2","14.1875","41","0","false","0","NFKB2","3112"
"246969","0.0","0.0","0.0","0.2","0","5","5","false","TNFAIP3","83.8","0","0","false","0","TNFAIP3","0"
"246972","0.0","0.0","0.0","0.0","0","2","2","false","NFKBIA","118.0","0","0","false","0","NFKBIA","0"
"246978","0.0","0.0","0.0","0.16666667","0","4","4","false","CCL4L1","108.25","0","0","false","0","CCL4L1","0"
"246975","0.0","0.0","0.0","0.05555556","0","10","10","false","PTGS2","47.8","0","0","false","0","PTGS2","0"
"246982","0.0","0.0","0.0","0.16666667","0","4","4","false","CCL4L2","108.25","0","0","false","0","CCL4L2","0"
"246980","0.0","0.0","0.0","0.16666667","0","4","4","false","CCL4","108.25","0","0","false","0","CCL4","0"
"246990","0.0","0.0","0.0","0.3","0","5","5","false","VCAM1","92.0","0","0","false","0","VCAM1","0"
"246987","0.0","0.0","0.0","0.04395604","0","14","14","false","CXCL2","51.857142857142854","0","0","false","0","CXCL2","0"
"246993","0.0","0.0","0.0","0.0","0","3","3","false","PLAU","89.33333333333333","0","0","false","0","PLAU","0"
"246997","0.0","0.0","0.0","0.0","0","2","2","false","CCL13","38.0","0","0","false","0","CCL13","0"
"246996","1.72222222","0.0","0.58064516","0.00396825","3","28","0","false","RELB","9.464285714285714","28","0","false","0","RELB","0"
"247000","0.0","0.0","0.0","0.0","0","2","2","false","CCL19","38.0","0","0","false","0","CCL19","0"
"247006","0.0","0.0","0.0","0.0","0","2","2","false","CXCL12","38.0","0","0","false","0","CXCL12","0"
"247003","0.0","0.0","0.0","0.0","0","2","2","false","CCL21","38.0","0","0","false","0","CCL21","0"
"247009","0.0","0.0","0.0","0.0","0","2","2","false","TNFSF13B","38.0","0","0","false","0","TNFSF13B","0"
"247012","0.0","0.0","0.0","0.19444444","0","9","9","false","ICAM1","65.11111111111111","0","0","false","0","ICAM1","0"
"247016","1.01449275","0.00192196","0.98571429","0.00632701","2","78","10","false","HIF1A","10.217948717948717","68","0","false","0","HIF1A","2921"
"247015","1.95522388","0.0","0.51145038","0.00985577","4","65","0","false","STAT3","15.184615384615384","65","0","false","0","STAT3","0"
"247022","1.0","0.0","1.0","0.0","1","48","0","false","ARNT","6.895833333333333","48","0","false","0","ARNT","0"
"247020","0.0","0.0","0.0","0.0","0","4","4","false","TIMP1","68.0","0","0","false","0","TIMP1","0"
"247026","1.0875","0.0","0.91954023","0.00152207","2","73","0","false","EP300","9.04109589041096","73","0","false","0","EP300","0"
"247024","1.0875","0.0","0.91954023","0.00152207","2","73","0","false","CREBBP","9.04109589041096","73","0","false","0","CREBBP","0"
"247028","0.0","0.0","0.0","0.0","0","4","4","false","LTBR","68.0","0","0","false","0","LTBR","0"
"247033","0.0","0.0","0.0","0.0","0","4","4","false","EPO","68.0","0","0","false","0","EPO","0"
"247038","0.0","0.0","0.0","0.0","0","4","4","false","TF","68.0","0","0","false","0","TF","0"
"247043","0.0","0.0","0.0","0.0","0","4","4","false","TFRC","68.0","0","0","false","0","TFRC","0"
"247048","0.0","0.0","0.0","0.06593407","0","14","14","false","VEGFA","69.28571428571429","0","0","false","0","VEGFA","0"
"247053","0.0","0.0","0.0","0.0","0","4","4","false","FLT1","68.0","0","0","false","0","FLT1","0"
"247058","0.0","0.0","0.0","0.0","0","4","4","false","EGF","68.0","0","0","false","0","EGF","0"
"249110","0.0","0.0","0.0","0.0","0","5","5","false","CTSD","40.6","0","0","false","0","CTSD","0"
"247062","0.0","0.0","0.0","0.00592885","0","23","23","false","INS","35.73913043478261","0","0","false","0","INS","0"
"247060","0.0","0.0","0.0","0.0","0","4","4","false","IGF1","68.0","0","0","false","0","IGF1","0"
"249116","0.0","0.0","0.0","0.0","0","5","5","false","TFF1","40.6","0","0","false","0","TFF1","0"
"249122","1.0","2.2599E-4","1.0","0.0","1","25","5","false","PGR","9.92","20","0","false","0","PGR","252"
"247073","0.0","0.0","0.0","0.03205128","0","13","13","false","SERPINE1","58.23076923076923","0","0","false","0","SERPINE1","0"
"247078","0.0","0.0","0.0","0.0","0","4","4","false","ANGPT1","68.0","0","0","false","0","ANGPT1","0"
"247082","0.0","0.0","0.0","0.0","0","4","4","false","ANGPT4","68.0","0","0","false","0","ANGPT4","0"
"249128","0.0","0.0","0.0","0.0","0","7","7","false","TGFA","41.857142857142854","0","0","false","0","TGFA","0"
"247080","0.0","0.0","0.0","0.0","0","6","6","false","ANGPT2","78.16666666666667","0","0","false","0","ANGPT2","0"
"247093","0.0","0.0","0.0","0.0","0","4","4","false","TEK","68.0","0","0","false","0","TEK","0"
"249139","1.0","5.778E-5","1.0","0.0","1","15","12","false","MITF","27.266666666666666","3","0","false","0","MITF","45"
"247098","0.0","0.0","0.0","0.07142857","0","8","8","false","EDN1","88.125","0","0","false","0","EDN1","0"
"249154","0.0","0.0","0.0","0.0","0","1","1","false","TYRP1","15.0","0","0","false","0","TYRP1","0"
"249152","0.0","0.0","0.0","0.0","0","1","1","false","TYR","15.0","0","0","false","0","TYR","0"
"247103","0.0","0.0","0.0","0.0130719","0","18","18","false","NOS2","47.666666666666664","0","0","false","0","NOS2","0"
"249158","0.0","0.0","0.0","0.0","0","1","1","false","GALT","53.0","0","0","false","0","GALT","0"
"247108","0.0","0.0","0.0","0.0","0","6","6","false","NOS3","58.5","0","0","false","0","NOS3","0"
"249156","0.0","0.0","0.0","0.0","0","1","1","false","DCT","15.0","0","0","false","0","DCT","0"
"249161","0.0","0.0","0.0","0.0","0","5","5","false","TNFSF11","50.2","0","0","false","0","TNFSF11","0"
"247113","0.0","0.0","0.0","0.0","0","6","6","false","HMOX1","58.5","0","0","false","0","HMOX1","0"
"249166","0.0","0.0","0.0","0.0","0","4","4","false","ELF5","56.5","0","0","false","0","ELF5","0"
"247118","0.0","0.0","0.0","0.0","0","4","4","false","NPPA","68.0","0","0","false","0","NPPA","0"
"249171","0.0","0.0","0.0","0.0","0","4","4","false","CSN2","56.5","0","0","false","0","CSN2","0"
"247123","0.0","0.0","0.0","0.0","0","6","6","false","SLC2A1","61.0","0","0","false","0","SLC2A1","0"
"249176","0.0","0.0","0.0","0.0","0","4","4","false","LHCGR","56.5","0","0","false","0","LHCGR","0"
"247128","0.0","0.0","0.0","0.0","0","4","4","false","PDK1","68.0","0","0","false","0","PDK1","0"
"247133","0.0","0.0","0.0","0.0","0","5","5","false","HK1","70.8","0","0","false","0","HK1","0"
"247137","0.0","0.0","0.0","0.0","0","5","5","false","HK3","70.8","0","0","false","0","HK3","0"
"247135","0.0","0.0","0.0","0.0","0","5","5","false","HK2","70.8","0","0","false","0","HK2","0"
"247139","0.0","0.0","0.0","0.0","0","5","5","false","HKDC1","70.8","0","0","false","0","HKDC1","0"
"249193","0.0","0.0","0.0","0.0","0","4","4","false","TH","56.5","0","0","false","0","TH","0"
"249198","0.0","0.0","0.0","0.0","0","4","4","false","PRLR","56.5","0","0","false","0","PRLR","0"
"247153","0.0","0.0","0.0","0.0","0","4","4","false","PFKL","68.0","0","0","false","0","PFKL","0"
"247157","0.0","0.0","0.0","0.0","0","4","4","false","PFKP","68.0","0","0","false","0","PFKP","0"
"249203","0.0","0.0","0.0","0.11904762","0","7","7","false","SLC2A2","56.42857142857143","0","0","false","0","SLC2A2","0"
"247155","0.0","0.0","0.0","0.0","0","4","4","false","PFKM","68.0","0","0","false","0","PFKM","0"
"249208","0.0","0.0","0.0","0.0","0","7","7","false","GCK","34.142857142857146","0","0","false","0","GCK","0"
"247168","0.0","0.0","0.0","0.0","0","4","4","false","GAPDH","68.0","0","0","false","0","GAPDH","0"
"249222","0.0","0.0","0.0","0.0","0","5","5","false","RCAN1","28.0","0","0","false","0","RCAN1","0"
"247173","0.0","0.0","0.0","0.0","0","4","4","false","ALDOA","68.0","0","0","false","0","ALDOA","0"
"249219","3.08430233","0.0","0.32422243","0.01923077","5","13","0","false","THRB","20.23076923076923","13","0","false","0","THRB","0"
"247177","0.0","0.0","0.0","0.0","0","4","4","false","ALDOC","68.0","0","0","false","0","ALDOC","0"
"247175","0.0","0.0","0.0","0.0","0","4","4","false","ALDOB","68.0","0","0","false","0","ALDOB","0"
"249230","0.0","0.0","0.0","0.0","0","2","2","false","ATP2A1","13.0","0","0","false","0","ATP2A1","0"
"249228","0.0","0.0","0.0","0.0","0","2","2","false","ATP2A2","13.0","0","0","false","0","ATP2A2","0"
"249234","0.0","0.0","0.0","0.0","0","2","2","false","PLN","13.0","0","0","false","0","PLN","0"
"249232","0.0","0.0","0.0","0.0","0","2","2","false","ATP2A3","13.0","0","0","false","0","ATP2A3","0"
"247190","0.0","0.0","0.0","0.0","0","4","4","false","PGK2","68.0","0","0","false","0","PGK2","0"
"249236","0.0","0.0","0.0","0.0","0","4","4","false","WNT4","19.0","0","0","false","0","WNT4","0"
"247188","0.0","0.0","0.0","0.0","0","4","4","false","PGK1","68.0","0","0","false","0","PGK1","0"
"249239","3.47175141","0.0","0.28803906","0.0","5","13","0","false","THRA","5.230769230769231","13","0","false","0","THRA","0"
"247198","0.0","0.0","0.0","0.0","0","4","4","false","PFKFB3","68.0","0","0","false","0","PFKFB3","0"
"249250","3.256","9.43E-6","0.30712531","0.08928571","5","8","1","false","NOTCH2","9.375","7","0","false","0","NOTCH2","127"
"249248","3.256","9.43E-6","0.30712531","0.08928571","5","8","1","false","NOTCH1","9.375","7","0","false","0","NOTCH1","127"
"249254","3.256","9.43E-6","0.30712531","0.08928571","5","8","1","false","NOTCH4","9.375","7","0","false","0","NOTCH4","127"
"247205","0.0","0.0","0.0","0.0","0","5","5","false","LDHAL6A","70.8","0","0","false","0","LDHAL6A","0"
"249252","3.256","9.43E-6","0.30712531","0.08928571","5","8","1","false","NOTCH3","9.375","7","0","false","0","NOTCH3","127"
"247203","0.0","0.0","0.0","0.0","0","5","5","false","LDHA","70.8","0","0","false","0","LDHA","0"
"249258","1.98591549","0.0","0.5035461","0.0","3","2","0","false","PIK3CA","42.0","2","0","false","0","PIK3CA","0"
"247209","0.0","0.0","0.0","0.0","0","5","5","false","LDHC","70.8","0","0","false","0","LDHC","0"
"249256","0.0","0.0","0.0","0.0","0","2","2","false","BMP4","19.0","0","0","false","0","BMP4","0"
"247207","0.0","0.0","0.0","0.0","0","5","5","false","LDHB","70.8","0","0","false","0","LDHB","0"
"249261","1.98591549","0.0","0.5035461","0.0","3","2","0","false","PIK3CB","42.0","2","0","false","0","PIK3CB","0"
"249259","0.0","0.0","0.0","0.0","0","6","6","false","RCAN2","2.0","0","0","false","0","RCAN2","0"
"247211","0.0","0.0","0.0","0.0","0","5","5","false","LDHAL6B","70.8","0","0","false","0","LDHAL6B","0"
"249265","1.98591549","0.0","0.5035461","0.0","3","2","0","false","PIK3R1","42.0","2","0","false","0","PIK3R1","0"
"249263","1.98591549","0.0","0.5035461","0.0","3","2","0","false","PIK3CD","42.0","2","0","false","0","PIK3CD","0"
"249269","1.98591549","0.0","0.5035461","0.0","3","2","0","false","PIK3R3","42.0","2","0","false","0","PIK3R3","0"
"249267","1.98591549","0.0","0.5035461","0.0","3","2","0","false","PIK3R2","42.0","2","0","false","0","PIK3R2","0"
"247234","0.0","0.0","0.0","0.0","0","8","8","false","CDKN1B","58.5","0","0","false","0","CDKN1B","0"
"247232","0.0","0.0","0.0","7.5075E-4","0","37","37","false","CDKN1A","26.83783783783784","0","0","false","0","CDKN1A","0"
"247242","0.0","0.0","0.0","0.0","0","4","4","false","ENO1","68.0","0","0","false","0","ENO1","0"
"247246","0.0","0.0","0.0","0.0","0","4","4","false","ENO3","68.0","0","0","false","0","ENO3","0"
"247244","0.0","0.0","0.0","0.0","0","4","4","false","ENO2","68.0","0","0","false","0","ENO2","0"
"247248","0.0","0.0","0.0","0.0","0","4","4","false","ENO4","68.0","0","0","false","0","ENO4","0"
"249295","2.78018576","0.0","0.3596882","0.16666667","4","6","0","false","MAPK7","48.0","6","0","false","0","MAPK7","0"
"249305","0.0","0.0","0.0","0.0","0","4","4","false","RGS2","31.75","0","0","false","0","RGS2","0"
"247262","1.41891892","0.0","0.7047619","0.0","2","43","0","false","FOXO6","10.511627906976743","43","0","false","0","FOXO6","0"
"247265","0.0","0.0","0.0","0.0","0","4","4","false","CCNB1","49.0","0","0","false","0","CCNB1","0"
"247263","0.0","0.0","0.0","0.0","0","4","4","false","CCNB3","49.0","0","0","false","0","CCNB3","0"
"247269","1.35227273","0.0","0.7394958","0.0","2","57","0","false","FOXO1","9.631578947368421","57","0","false","0","FOXO1","0"
"247267","0.0","0.0","0.0","0.0","0","4","4","false","CCNB2","49.0","0","0","false","0","CCNB2","0"
"247272","1.41891892","0.0","0.7047619","0.0","2","43","0","false","FOXO4","10.511627906976743","43","0","false","0","FOXO4","0"
"247282","0.0","0.0","0.0","0.02689076","0","35","35","false","CCND2","33.6","0","0","false","0","CCND2","0"
"247280","0.0","0.0","0.0","0.02540984","0","61","61","false","CCND1","32.77049180327869","0","0","false","0","CCND1","0"
"247290","0.0","0.0","0.0","0.0","0","5","5","false","CCNG2","50.2","0","0","false","0","CCNG2","0"
"247295","0.0","0.0","0.0","0.0","0","11","11","false","CDKN2B","35.27272727272727","0","0","false","0","CDKN2B","0"
"247300","0.0","0.0","0.0","0.0","0","4","4","false","CDKN2D","49.0","0","0","false","0","CDKN2D","0"
"247313","0.0","0.0","0.0","0.0","0","4","4","false","RBL2","49.0","0","0","false","0","RBL2","0"
"247318","0.0","0.0","0.0","0.0","0","4","4","false","PLK4","49.0","0","0","false","0","PLK4","0"
"247322","0.0","0.0","0.0","0.0","0","4","4","false","PLK3","49.0","0","0","false","0","PLK3","0"
"247320","0.0","0.0","0.0","0.0","0","4","4","false","PLK2","49.0","0","0","false","0","PLK2","0"
"247324","0.0","0.0","0.0","0.0","0","4","4","false","PLK1","49.0","0","0","false","0","PLK1","0"
"247338","0.0","0.0","0.0","0.0","0","7","7","false","GADD45G","69.57142857142857","0","0","false","0","GADD45G","0"
"247340","0.0","0.0","0.0","0.0","0","7","7","false","GADD45A","69.57142857142857","0","0","false","0","GADD45A","0"
"247352","0.0","0.0","0.0","0.0","0","8","8","false","FASLG","50.125","0","0","false","0","FASLG","0"
"247360","0.0","0.0","0.0","0.0","0","4","4","false","TNFSF10","49.0","0","0","false","0","TNFSF10","0"
"247365","0.0","0.0","0.0","0.0","0","4","4","false","BCL6","49.0","0","0","false","0","BCL6","0"
"247370","0.0","0.0","0.0","0.02380952","0","7","7","false","BNIP3","56.714285714285715","0","0","false","0","BNIP3","0"
"247375","0.0","0.0","0.0","0.0","0","4","4","false","ATG12","49.0","0","0","false","0","ATG12","0"
"247382","0.0","0.0","0.0","0.0","0","4","4","false","GABARAPL2","49.0","0","0","false","0","GABARAPL2","0"
"247380","0.0","0.0","0.0","0.0","0","4","4","false","GABARAP","49.0","0","0","false","0","GABARAP","0"
"247384","0.0","0.0","0.0","0.0","0","4","4","false","GABARAPL1","49.0","0","0","false","0","GABARAPL1","0"
"249442","0.0","0.0","0.0","0.0","0","12","12","false","CYP11B2","25.416666666666668","0","0","false","0","CYP11B2","0"
"249440","0.0","0.0","0.0","0.0","0","1","1","false","REN","56.0","0","0","false","0","REN","0"
"247395","0.0","0.0","0.0","0.0","0","5","5","false","CAT","39.8","0","0","false","0","CAT","0"
"247400","0.0","0.0","0.0","0.0","0","6","6","false","SOD2","34.666666666666664","0","0","false","0","SOD2","0"
"247405","0.0","0.0","0.0","0.0","0","4","4","false","ATM","49.0","0","0","false","0","ATM","0"
"249466","1.0","0.0","1.0","0.0","1","2","0","false","NR4A1","13.5","2","0","false","0","NR4A1","0"
"247418","0.0","0.0","0.0","0.03508772","0","19","19","false","G6PC","38.89473684210526","0","0","false","0","G6PC","0"
"249463","1.0","0.0","1.0","0.0","1","2","0","false","NR4A2","13.5","2","0","false","0","NR4A2","0"
"247422","0.0","0.0","0.0","0.03508772","0","19","19","false","G6PC3","38.89473684210526","0","0","false","0","G6PC3","0"
"249469","2.41666667","0.0","0.4137931","0.5","3","2","0","false","MAFA","15.5","2","0","false","0","MAFA","0"
"247420","0.0","0.0","0.0","0.03508772","0","19","19","false","G6PC2","38.89473684210526","0","0","false","0","G6PC2","0"
"249473","1.0","0.0","1.0","0.0","1","2","0","false","MLXIP","4.0","2","0","false","0","MLXIP","0"
"249471","0.0","0.0","0.0","0.0","0","4","4","false","ACACB","2.75","0","0","false","0","ACACB","0"
"249477","1.0","0.0","1.0","0.0","1","2","0","false","MLX","4.0","2","0","false","0","MLX","0"
"249475","1.0","0.0","1.0","0.0","1","2","0","false","MLXIPL","4.0","2","0","false","0","MLXIPL","0"
"249481","0.0","0.0","0.0","0.0","0","4","4","false","PKLR","3.75","0","0","false","0","PKLR","0"
"247433","0.0","0.0","0.0","0.0","0","4","4","false","IL7R","49.0","0","0","false","0","IL7R","0"
"249479","1.0","0.0","1.0","0.0","1","1","0","false","IL6R","10.0","1","0","false","0","IL6R","0"
"249486","1.15","0.0","0.86956522","0.0","2","17","0","false","MAPK8","13.941176470588236","17","0","false","0","MAPK8","0"
"247438","1.0","8.2862E-4","1.0","0.0","1","47","16","false","KLF2","7.170212765957447","31","0","false","0","KLF2","894"
"249494","1.84444444","5.778E-5","0.54216867","0.0","2","8","1","false","CEBPA","16.0","7","0","false","0","CEBPA","53"
"247445","0.0","0.0","0.0","0.0","0","4","4","false","S1PR4","49.0","0","0","false","0","S1PR4","0"
"249493","2.80434783","0.0","0.35658915","0.0","3","1","0","false","XBP1","8.0","1","0","false","0","XBP1","0"
"247443","0.0","0.0","0.0","0.0","0","4","4","false","S1PR1","49.0","0","0","false","0","S1PR1","0"
"249498","0.0","0.0","0.0","0.33333333","0","3","3","false","AGER","114.33333333333333","0","0","false","0","AGER","0"
"249496","1.0","4.622E-5","1.0","0.0","1","4","3","false","TGFB1","49.75","1","0","false","0","TGFB1","40"
"247453","0.0","0.0","0.0","0.0","0","4","4","false","RAG1","49.0","0","0","false","0","RAG1","0"
"249500","0.0","0.0","0.0","0.1","0","10","10","false","VEGFD","76.6","0","0","false","0","VEGFD","0"
"249505","0.0","0.0","0.0","0.1","0","10","10","false","VEGFC","76.6","0","0","false","0","VEGFC","0"
"249503","0.0","0.0","0.0","0.1","0","10","10","false","VEGFB","76.6","0","0","false","0","VEGFB","0"
"247455","0.0","0.0","0.0","0.0","0","4","4","false","RAG2","49.0","0","0","false","0","RAG2","0"
"249510","0.0","0.0","0.0","0.3","0","5","5","false","SELE","92.0","0","0","false","0","SELE","0"
"249507","0.0","0.0","0.0","0.1","0","6","6","false","CCL2","78.5","0","0","false","0","CCL2","0"
"249514","0.0","0.0","0.0","0.13333333","0","6","6","false","MMP2","88.66666666666667","0","0","false","0","MMP2","0"
"247465","0.0","0.0","0.0","0.0","0","4","4","false","FBXO25","49.0","0","0","false","0","FBXO25","0"
"247463","0.0","0.0","0.0","0.0","0","4","4","false","FBXO32","49.0","0","0","false","0","FBXO32","0"
"247473","1.75","0.0","0.57142857","0.0","2","13","0","false","SMAD4","17.923076923076923","13","0","false","0","SMAD4","0"
"247477","1.72222222","0.0","0.58064516","0.0","2","15","0","false","SMAD3","16.2","15","0","false","0","SMAD3","0"
"247475","1.72222222","0.0","0.58064516","0.0","2","15","0","false","SMAD2","16.2","15","0","false","0","SMAD2","0"
"247486","0.0","0.0","0.0","0.0","0","5","5","false","CCNE1","4.4","0","0","false","0","CCNE1","0"
"247485","1.91666667","0.0","0.52173913","0.0","2","3","0","false","TFDP1","30.666666666666668","3","0","false","0","TFDP1","0"
"247483","0.0","0.0","0.0","0.0","0","1","1","false","SFN","55.0","0","0","false","0","SFN","0"
"247490","1.91666667","0.0","0.52173913","0.0","2","3","0","false","TFDP2","30.666666666666668","3","0","false","0","TFDP2","0"
"247488","0.0","0.0","0.0","0.0","0","5","5","false","CCNE2","4.4","0","0","false","0","CCNE2","0"
"249536","0.0","0.0","0.0","0.33333333","0","3","3","false","F3","114.33333333333333","0","0","false","0","F3","0"
"249541","0.0","0.0","0.0","0.1","0","5","5","false","THBD","84.4","0","0","false","0","THBD","0"
"247493","1.0","5.99E-6","1.0","0.0","1","6","1","false","E2F1","5.833333333333333","5","0","false","0","E2F1","10"
"249546","0.0","0.0","0.0","0.0","0","2","2","false","COL1A1","72.0","0","0","false","0","COL1A1","0"
"247498","1.0","3.42E-6","1.0","0.0","1","5","1","false","E2F3","5.6","4","0","false","0","E2F3","8"
"247496","1.0","3.42E-6","1.0","0.0","1","5","1","false","E2F2","5.6","4","0","false","0","E2F2","8"
"247502","1.0","0.00308892","1.0","0.01626016","1","82","49","false","MYC","16.146341463414632","33","0","false","0","MYC","3005"
"249550","0.0","0.0","0.0","0.0","0","2","2","false","COL3A1","72.0","0","0","false","0","COL3A1","0"
"249548","0.0","0.0","0.0","0.0","0","2","2","false","COL1A2","72.0","0","0","false","0","COL1A2","0"
"249554","0.0","0.0","0.0","0.0","0","2","2","false","COL4A2","72.0","0","0","false","0","COL4A2","0"
"247506","1.97058824","0.0","0.50746269","0.0","2","1","0","false","RBL1","82.0","1","0","false","0","RBL1","0"
"249552","0.0","0.0","0.0","0.0","0","2","2","false","COL4A1","72.0","0","0","false","0","COL4A1","0"
"247510","1.91666667","0.0","0.52173913","0.0","2","3","0","false","E2F5","30.666666666666668","3","0","false","0","E2F5","0"
"249558","0.0","0.0","0.0","0.0","0","2","2","false","COL4A4","72.0","0","0","false","0","COL4A4","0"
"247508","1.91666667","0.0","0.52173913","0.0","2","3","0","false","E2F4","30.666666666666668","3","0","false","0","E2F4","0"
"249556","0.0","0.0","0.0","0.0","0","2","2","false","COL4A3","72.0","0","0","false","0","COL4A3","0"
"247514","1.0","0.0","1.0","0.0","1","1","0","false","ZBTB17","11.0","1","0","false","0","ZBTB17","0"
"249562","0.0","0.0","0.0","0.0","0","2","2","false","COL4A6","72.0","0","0","false","0","COL4A6","0"
"249560","0.0","0.0","0.0","0.0","0","2","2","false","COL4A5","72.0","0","0","false","0","COL4A5","0"
"247521","0.0","0.0","0.0","0.0","0","1","1","false","GTSE1","55.0","0","0","false","0","GTSE1","0"
"247519","0.0","0.0","0.0","0.0","0","1","1","false","RPRM","55.0","0","0","false","0","RPRM","0"
"247525","0.0","0.0","0.0","0.0","0","1","1","false","TNFRSF10B","55.0","0","0","false","0","TNFRSF10B","0"
"247523","0.0","0.0","0.0","0.0","0","1","1","false","PIDD1","55.0","0","0","false","0","PIDD1","0"
"247530","0.0","0.0","0.0","0.0","0","1","1","false","EI24","55.0","0","0","false","0","EI24","0"
"249578","0.0","0.0","0.0","0.0","0","1","1","false","NR5A2","8.0","0","0","false","0","NR5A2","0"
"249576","2.3","0.0","0.43478261","0.0","3","3","0","false","ONECUT1","4.666666666666667","3","0","false","0","ONECUT1","0"
"247528","0.0","0.0","0.0","1.0","0","2","2","false","TP53AIP1","30.0","0","0","false","0","TP53AIP1","0"
"249582","2.72222222","7.7E-6","0.36734694","0.0","4","5","1","false","NEUROG3","3.4","4","0","false","0","NEUROG3","10"
"247534","0.0","0.0","0.0","0.0","0","1","1","false","SHISA5","55.0","0","0","false","0","SHISA5","0"
"247532","0.0","0.0","0.0","0.0","0","1","1","false","TP53I3","55.0","0","0","false","0","TP53I3","0"
"249580","0.0","0.0","0.0","0.0","0","1","1","false","HNF1B","3.0","0","0","false","0","HNF1B","0"
"247538","0.0","0.0","0.0","0.0","0","1","1","false","ZMAT3","55.0","0","0","false","0","ZMAT3","0"
"249586","2.21428571","1.626E-5","0.4516129","0.05","3","5","1","false","PAX6","9.2","4","0","false","0","PAX6","16"
"249584","1.0","2.14E-6","1.0","0.0","1","4","1","false","NKX22","9.5","3","0","false","0","NKX22","5"
"247536","0.0","0.0","0.0","0.0","0","1","1","false","PERP","55.0","0","0","false","0","PERP","0"
"249590","1.0","2.14E-6","1.0","0.0","1","4","1","false","NEUROD1","9.5","3","0","false","0","NEUROD1","5"
"247542","0.0","0.0","0.0","0.0","0","1","1","false","IGFBP3","55.0","0","0","false","0","IGFBP3","0"
"249588","0.0","0.0","0.0","0.0","0","1","1","false","PAX4","5.0","0","0","false","0","PAX4","0"
"247540","0.0","0.0","0.0","0.0","0","1","1","false","SIAH1","55.0","0","0","false","0","SIAH1","0"
"247545","0.0","0.0","0.0","0.0","0","1","1","false","ADGRB1","55.0","0","0","false","0","ADGRB1","0"
"247549","0.0","0.0","0.0","0.0","0","2","2","false","THBS1","28.5","0","0","false","0","THBS1","0"
"249595","0.0","0.0","0.0","0.0","0","3","3","false","IAPP","4.333333333333333","0","0","false","0","IAPP","0"
"247547","0.0","0.0","0.0","0.0","0","1","1","false","CD82","55.0","0","0","false","0","CD82","0"
"247553","0.0","0.0","0.0","0.0","0","1","1","false","DDB2","55.0","0","0","false","0","DDB2","0"
"247551","0.0","0.0","0.0","0.0","0","1","1","false","SERPINB5","55.0","0","0","false","0","SERPINB5","0"
"249605","0.0","0.0","0.0","0.0","0","1","1","false","NKX61","8.0","0","0","false","0","NKX61","0"
"247557","0.0","0.0","0.0","0.0","0","1","1","false","RRM2","55.0","0","0","false","0","RRM2","0"
"247555","0.0","0.0","0.0","0.0","0","1","1","false","RRM2B","55.0","0","0","false","0","RRM2B","0"
"249610","0.0","0.0","0.0","0.0","0","1","1","false","HNF4G","3.0","0","0","false","0","HNF4G","0"
"247561","0.0","0.0","0.0","0.0","0","1","1","false","SESN1","55.0","0","0","false","0","SESN1","0"
"249608","1.7","0.0","0.58823529","0.0","2","3","0","false","HNF1A","3.6666666666666665","3","0","false","0","HNF1A","0"
"247559","0.0","0.0","0.0","0.0","0","1","1","false","SESN3","55.0","0","0","false","0","SESN3","0"
"247565","0.0","0.0","0.0","0.0","0","1","1","false","PTEN","55.0","0","0","false","0","PTEN","0"
"249612","0.0","0.0","0.0","0.0","0","1","1","false","FOXA3","3.0","0","0","false","0","FOXA3","0"
"247563","0.0","0.0","0.0","0.0","0","1","1","false","SESN2","55.0","0","0","false","0","SESN2","0"
"247569","0.0","0.0","0.0","0.0","0","1","1","false","STEAP3","55.0","0","0","false","0","STEAP3","0"
"247567","0.0","0.0","0.0","0.0","0","1","1","false","TSC2","55.0","0","0","false","0","TSC2","0"
"247573","0.0","0.0","0.0","0.0","0","1","1","false","COP1","55.0","0","0","false","0","COP1","0"
"247571","0.0","0.0","0.0","0.0","0","1","1","false","MDM2","55.0","0","0","false","0","MDM2","0"
"247577","0.0","0.0","0.0","0.0","0","1","1","false","CCNG1","55.0","0","0","false","0","CCNG1","0"
"247575","0.0","0.0","0.0","0.0","0","1","1","false","RCHY1","55.0","0","0","false","0","RCHY1","0"
"247582","2.9245283","0.0","0.34193548","1.0","3","2","1","false","TP73","30.0","1","0","false","0","TP73","0"
"247580","0.0","0.0","0.0","0.0","0","1","1","false","PPM1D","55.0","0","0","false","0","PPM1D","0"
"247586","0.0","0.0","0.0","0.0","0","1","1","false","AIFM2","55.0","0","0","false","0","AIFM2","0"
"247584","0.0","0.0","0.0","0.0","0","1","1","false","SIVA1","55.0","0","0","false","0","SIVA1","0"
"247589","0.0","0.0","0.0","0.0","0","2","2","false","PRKN","67.0","0","0","false","0","PRKN","0"
"247588","2.72222222","0.0","0.36734694","0.01566952","5","27","0","false","ATF4","23.074074074074073","27","0","false","0","ATF4","0"
"247597","1.0","0.0","1.0","0.0","1","1","0","false","CITED2","4.0","1","0","false","0","CITED2","0"
"247595","0.0","0.0","0.0","0.0","0","4","4","false","BNIP3L","34.0","0","0","false","0","BNIP3L","0"
"249650","0.0","0.0","0.0","0.0","0","2","2","false","CALB1","29.0","0","0","false","0","CALB1","0"
"249648","0.0","0.0","0.0","0.0","0","2","2","false","TRPV5","29.0","0","0","false","0","TRPV5","0"
"249647","1.0","0.0","1.0","0.0","1","9","0","false","VDR","1.6666666666666667","9","0","false","0","VDR","0"
"247599","1.0","0.0","1.0","0.0","1","2","0","false","SP1","7.5","2","0","false","0","SP1","0"
"249654","0.0","0.0","0.0","0.0","0","2","2","false","SLC8A2","29.0","0","0","false","0","SLC8A2","0"
"247606","2.8","0.0","0.35714286","0.0125","5","16","0","false","ATF6B","26.3125","16","0","false","0","ATF6B","0"
"247604","2.69736842","0.0","0.37073171","0.01848739","5","35","0","false","ATF2","22.37142857142857","35","0","false","0","ATF2","0"
"249652","0.0","0.0","0.0","0.0","0","2","2","false","SLC8A1","29.0","0","0","false","0","SLC8A1","0"
"249656","0.0","0.0","0.0","0.0","0","2","2","false","SLC8A3","29.0","0","0","false","0","SLC8A3","0"
"247614","0.0","0.0","0.0","0.0","0","17","17","false","MCL1","35.705882352941174","0","0","false","0","MCL1","0"
"249660","0.0","0.0","0.0","0.0","0","2","2","false","ATP2B1","29.0","0","0","false","0","ATP2B1","0"
"249665","0.0","0.0","0.0","0.0","0","7","7","false","AQP2","31.857142857142858","0","0","false","0","AQP2","0"
"249674","1.0","7.7E-6","1.0","0.0","1","7","1","false","NR0B2","2.2857142857142856","6","0","false","0","NR0B2","6"
"247625","0.0","0.0","0.0","0.0","0","2","2","false","MYB","118.0","0","0","false","0","MYB","0"
"249673","1.5","0.0","0.66666667","0.0","2","6","0","false","NR1H4","2.0","6","0","false","0","NR1H4","0"
"249678","0.0","0.0","0.0","0.0","0","1","1","false","ABCC2","6.0","0","0","false","0","ABCC2","0"
"249676","0.0","0.0","0.0","0.0","0","1","1","false","ABCB11","6.0","0","0","false","0","ABCB11","0"
"247628","1.0","6.292E-5","1.0","0.0","1","9","2","false","HNF4A","13.88888888888889","7","0","false","0","HNF4A","49"
"247634","1.30769231","0.0","0.76470588","0.11111111","2","9","0","false","CRTC2","22.11111111111111","9","0","false","0","CRTC2","0"
"249682","0.0","0.0","0.0","0.0","0","1","1","false","SLC51A","6.0","0","0","false","0","SLC51A","0"
"249680","0.0","0.0","0.0","0.0","0","1","1","false","ABCB4","6.0","0","0","false","0","ABCB4","0"
"247637","1.0","2.0994E-4","1.0","0.09375","1","33","21","false","PPARGC1A","21.727272727272727","12","0","false","0","PPARGC1A","165"
"249684","0.0","0.0","0.0","0.0","0","1","1","false","SLC51B","6.0","0","0","false","0","SLC51B","0"
"247642","0.0","0.0","0.0","0.0","0","1","1","false","FASN","5.0","0","0","false","0","FASN","0"
"249689","0.0","0.0","0.0","0.0","0","1","1","false","SLCO1B3","7.0","0","0","false","0","SLCO1B3","0"
"247641","1.0","0.0","1.0","0.0","1","5","0","false","SREBF1","3.6","5","0","false","0","SREBF1","0"
"247639","0.0","0.0","0.0","0.0","0","1","1","false","SLC2A4","33.0","0","0","false","0","SLC2A4","0"
"249687","0.0","0.0","0.0","0.0","0","1","1","false","SLCO1B1","7.0","0","0","false","0","SLCO1B1","0"
"249693","0.0","0.0","0.0","0.0","0","1","1","false","SLCO1A2","7.0","0","0","false","0","SLCO1A2","0"
"247644","0.0","0.0","0.0","0.0","0","1","1","false","ACACA","5.0","0","0","false","0","ACACA","0"
"249691","0.0","0.0","0.0","0.0","0","1","1","false","SLCO1B7","7.0","0","0","false","0","SLCO1B7","0"
"247650","0.0","0.0","0.0","0.0","0","2","2","false","PTPN13","118.0","0","0","false","0","PTPN13","0"
"249697","0.0","0.0","0.0","0.0","0","1","1","false","SLC34A2","9.0","0","0","false","0","SLC34A2","0"
"247648","0.0","0.0","0.0","0.0","0","1","1","false","DDIT3","27.0","0","0","false","0","DDIT3","0"
"249695","0.0","0.0","0.0","0.0","0","1","1","false","SLC10A1","7.0","0","0","false","0","SLC10A1","0"
"247654","0.0","0.0","0.0","0.0","0","12","12","false","BIRC5","33.0","0","0","false","0","BIRC5","0"
"249701","0.0","0.0","0.0","0.0","0","1","1","false","S100G","9.0","0","0","false","0","S100G","0"
"249699","0.0","0.0","0.0","0.0","0","1","1","false","TRPV6","9.0","0","0","false","0","TRPV6","0"
"249706","0.0","0.0","0.0","0.0","0","12","12","false","PDYN","30.166666666666668","0","0","false","0","PDYN","0"
"247661","2.66066066","0.0","0.3758465","0.02620968","4","32","0","false","MAPK1","20.1875","32","0","false","0","MAPK1","0"
"247663","2.6746988","0.0","0.37387387","0.02955665","4","29","0","false","MAPK3","21.896551724137932","29","0","false","0","MAPK3","0"
"247669","0.0","0.0","0.0","0.0","0","2","2","false","HRK","98.5","0","0","false","0","HRK","0"
"249720","0.0","0.0","0.0","0.0","0","2","2","false","GRIA2","65.0","0","0","false","0","GRIA2","0"
"247678","0.0","0.0","0.0","0.0","0","1","1","false","APAF1","55.0","0","0","false","0","APAF1","0"
"247676","0.0","0.0","0.0","0.0","0","1","1","false","BID","55.0","0","0","false","0","BID","0"
"249730","0.0","0.0","0.0","0.0","0","10","10","false","ARC","30.1","0","0","false","0","ARC","0"
"247681","0.0","0.0","0.0","0.0","0","1","1","false","TNFRSF10A","55.0","0","0","false","0","TNFRSF10A","0"
"249727","0.0","0.0","0.0","0.0","0","2","2","false","CDK5","65.0","0","0","false","0","CDK5","0"
"247686","1.0","0.0","1.0","0.0","1","11","0","false","PRKACA","4.090909090909091","11","0","false","0","PRKACA","0"
"247683","0.0","0.0","0.0","0.0","0","2","2","false","ATG5","55.0","0","0","false","0","ATG5","0"
"247689","0.0","0.0","0.0","0.0","0","3","3","false","EHMT1","11.0","0","0","false","0","EHMT1","0"
"247687","0.0","0.0","0.0","0.0","0","3","3","false","EHMT2","11.0","0","0","false","0","EHMT2","0"
"247693","1.0","0.0","1.0","0.0","1","11","0","false","PRKACG","4.090909090909091","11","0","false","0","PRKACG","0"
"247691","1.0","0.0","1.0","0.0","1","11","0","false","PRKACB","4.090909090909091","11","0","false","0","PRKACB","0"
"247697","1.92307692","0.0","0.52","0.0","2","1","0","false","CAMK4","33.0","1","0","false","0","CAMK4","0"
"247702","0.0","0.0","0.0","0.0","0","3","3","false","CRYAB","39.666666666666664","0","0","false","0","CRYAB","0"
"247699","0.0","0.0","0.0","0.0","0","3","3","false","SOD1","39.666666666666664","0","0","false","0","SOD1","0"
"249754","2.61797753","0.0","0.38197425","0.0","3","1","0","false","SIRT1","90.0","1","0","false","0","SIRT1","0"
"247706","0.0","0.0","0.0","0.0","0","4","4","false","HSPA1B","31.25","0","0","false","0","HSPA1B","0"
"247704","0.0","0.0","0.0","0.0","0","4","4","false","HSPA1A","31.25","0","0","false","0","HSPA1A","0"
"247710","0.0","0.0","0.0","0.0","0","4","4","false","HSPA2","31.25","0","0","false","0","HSPA2","0"
"249758","0.0","0.0","0.0","0.0","0","10","10","false","NPY","30.1","0","0","false","0","NPY","0"
"249756","2.61797753","0.0","0.38197425","0.0","3","1","0","false","HDAC1","90.0","1","0","false","0","HDAC1","0"
"247708","0.0","0.0","0.0","0.0","0","4","4","false","HSPA1L","31.25","0","0","false","0","HSPA1L","0"
"247714","0.0","0.0","0.0","0.0","0","4","4","false","HSPA8","31.25","0","0","false","0","HSPA8","0"
"247712","0.0","0.0","0.0","0.0","0","4","4","false","HSPA6","31.25","0","0","false","0","HSPA6","0"
"249774","0.0","0.0","0.0","0.04395604","0","14","14","false","CXCL3","51.857142857142854","0","0","false","0","CXCL3","0"
"249771","0.0","0.0","0.0","0.04395604","0","14","14","false","CXCL1","51.857142857142854","0","0","false","0","CXCL1","0"
"247723","1.0","0.0","1.0","0.0","1","9","0","false","EIF4EBP2","4.0","9","0","false","0","EIF4EBP2","0"
"247733","2.28571429","0.0","0.4375","0.0","3","3","0","false","FOXA2","6.333333333333333","3","0","false","0","FOXA2","0"
"247738","0.0","0.0","0.0","0.0","0","1","1","false","SAT2","55.0","0","0","false","0","SAT2","0"
"247736","0.0","0.0","0.0","0.0","0","1","1","false","SLC7A11","55.0","0","0","false","0","SLC7A11","0"
"247742","1.88537549","0.0","0.53039832","0.00665368","3","79","0","false","STAT1","12.962025316455696","79","0","false","0","STAT1","0"
"247740","0.0","0.0","0.0","0.0","0","1","1","false","SAT1","55.0","0","0","false","0","SAT1","0"
"247745","1.75555556","0.0","0.56962025","0.0042735","3","27","0","false","STAT2","17.11111111111111","27","0","false","0","STAT2","0"
"247743","0.0","0.0","0.0","0.0","0","8","8","false","EIF2AK2","40.375","0","0","false","0","EIF2AK2","0"
"247750","2.05780347","0.0","0.48595506","0.00914634","3","41","0","false","STAT5A","16.5609756097561","41","0","false","0","STAT5A","0"
"249797","1.15","0.0","0.86956522","0.0","2","17","0","false","MAPK9","13.941176470588236","17","0","false","0","MAPK9","0"
"247748","1.86666667","0.0","0.53571429","0.00833333","4","25","0","false","STAT4","18.96","25","0","false","0","STAT4","0"
"247754","1.69014085","0.0","0.59166667","0.01058201","3","28","0","false","STAT6","18.357142857142858","28","0","false","0","STAT6","0"
"247752","2.05780347","0.0","0.48595506","0.00914634","3","41","0","false","STAT5B","16.5609756097561","41","0","false","0","STAT5B","0"
"249799","1.15","0.0","0.86956522","0.0","2","17","0","false","MAPK10","13.941176470588236","17","0","false","0","MAPK10","0"
"249805","1.0","0.0","1.0","0.0","1","1","0","false","U2AF1L4","30.0","1","0","false","0","U2AF1L4","0"
"249803","1.0","0.0","1.0","0.0","1","1","0","false","U2AF1L5","30.0","1","0","false","0","U2AF1L5","0"
"247759","0.0","0.0","0.0","0.0","0","7","7","false","RIPK1","43.714285714285715","0","0","false","0","RIPK1","0"
"249807","1.0","0.0","1.0","0.0","1","1","0","false","U2AF1","30.0","1","0","false","0","U2AF1","0"
"249814","1.0","0.0","1.0","0.0","1","6","0","false","HSF1","4.0","6","0","false","0","HSF1","0"
"249811","1.0","0.0","1.0","0.0","1","2","0","false","IRF8","26.0","2","0","false","0","IRF8","0"
"247770","1.0","2.57E-6","1.0","0.0","1","3","1","false","GATA4","9.666666666666666","2","0","false","0","GATA4","2"
"247768","0.0","0.0","0.0","0.0","0","1","1","false","CDKN2A","17.0","0","0","false","0","CDKN2A","0"
"247767","2.5136612","0.0","0.39782609","0.04411765","3","17","0","false","ETS1","18.470588235294116","17","0","false","0","ETS1","0"
"249821","1.12","3.488E-5","0.89285714","0.00362319","2","24","2","false","MYD88","16.541666666666668","22","0","false","0","MYD88","47"
"247773","0.0","0.0","0.0","0.03333333","0","15","15","false","IL1A","43.13333333333333","0","0","false","0","IL1A","0"
"247771","0.0","0.0","0.0","0.0","0","1","1","false","TRAF3IP2","3.0","0","0","false","0","TRAF3IP2","0"
"247775","0.0","0.0","0.0","0.0","0","5","5","false","MYBL2","4.4","0","0","false","0","MYBL2","0"
"247781","0.0","0.0","0.0","0.0","0","5","5","false","FOXM1","4.4","0","0","false","0","FOXM1","0"
"247789","1.0","0.0","1.0","0.0","1","1","0","false","KIR2DL2","37.0","1","0","false","0","KIR2DL2","0"
"247787","1.0","0.0","1.0","0.0","1","1","0","false","KIR2DL1","37.0","1","0","false","0","KIR2DL1","0"
